"","上市公司","申万一级行业","X19930331","X19930630","X19930930","X19931231","X19940331","X19940630","X19940930","X19941231","X19950331","X19950630","X19950930","X19951231","X19960331","X19960630","X19960930","X19961231","X19970331","X19970630","X19970930","X19971231","X19980331","X19980630","X19980930","X19981231","X19990331","X19990630","X19990930","X19991231","X20000331","X20000630","X20000930","X20001231","X20010331","X20010630","X20010930","X20011231","X20020331","X20020630","X20020930","X20021231","X20030331","X20030630","X20030930","X20031231","X20040331","X20040630","X20040930","X20041231","X20050331","X20050630","X20050930","X20051231","X20060331","X20060630","X20060930","X20061231","X20070331","X20070630","X20070930","X20071231","X20080331","X20080630","X20080930","X20081231","X20090331","X20090630","X20090930","X20091231","X20100331","X20100630","X20100930","X20101231","X20110331","X20110630","X20110930","X20111231","X20120331","X20120630","X20120930","X20121231","X20130331","X20130630","X20130930","X20131231","X20140331","X20140630","X20140930","X20141231","X20150331","X20150630","X20150930","X20151231","X20160331","X20160630","X20160930","X20161231","X20170331","X20170630","X20170930","X20171231"
"40","000048.SZ","农林牧渔",0,0,0,-1.299298957,0,0,0,7.525062987,0,0,0,6.291069632,0,161.9875161,0,14.52918356,0,-32.12139697,0,-44.19430314,0,25.65612488,0,97.30428887,0,-58.05595378,0,46.85839764,0,396.7647419,0,-643.1942132,0,-228.92117,0,69.2716286,0,119.0375118,129.913799,114.7765256,-41.43750372,-126.5904605,-64.31984817,-28.96766771,-161.1963614,381.7117309,181.1354476,24.16430377,192.4481754,-6.337149828,-17.87904009,-936.8201919,-666.1610748,-762.6370356,-544.4177913,-14.14588713,68.12578353,110.3879511,106.3744818,124.1435524,238.9323754,688.5903391,1129.279734,146.4160028,-51.6622212,-119.5556829,-121.5286441,-30.77613504,118.7621657,115.492688,190.5893953,-182.9221897,-73.24708106,-222.1189472,-48.94887327,1261.190814,38.91575714,3073.525095,1105.456752,-93.84894756,17.51040566,1071.857591,331.4387876,-132.8392417,49.13577822,-83.34998682,-58.169783,1309.160665,198.9615418,2434.219813,925.3585098,74.56817584,14.47886006,-88.07118116,-79.37810436,-97.13749925,-321.6684603,-326.8620094,-232.2346295,4788.40364
"106","000505.SZ","农林牧渔",0,0,0,210.8633856,0,25.47064925,0,0.743520895,0,-75.83190737,0,-96.94597544,0,-86.08276125,0,-3735.299109,0,-155.2324686,0,102.2257746,0,-5750.227442,0,-4832.024199,0,81.00892988,0,113.0268641,0,54.06091731,0,128.0274066,0,154.1193577,0,-172.6335492,0,-251.4438321,-722.2520863,-212.6983655,-36.14630175,25.00449508,29.00322133,100.659574,22.65566647,-74.03666398,-85.30893701,-11449.97817,-140.5826465,-49.4332486,-26.72799646,22.65720956,-29.22646946,-4.898006658,189.5133995,181.4062804,76.8750448,87.92798775,-113.6914395,-146.0489627,-789.6318934,-1733.704721,-1746.754138,-162.7391497,43.28091246,275.7630982,208.1142219,201.4401873,103.3431674,-30.66098081,-31.60377738,-55.29226921,759.3228596,-124.2787354,-170.4648529,-236.0366382,-757.2595463,-163.6765654,-138.2136958,-157.976491,4.296729361,-77.39197115,-28.23530767,106.8257506,-41.50661938,-21.65989089,-21.7495946,-2185.612903,283.4975489,123.2933036,68.01865252,29.67215919,-159.8254861,-374.4943354,-144.1103271,160.9494038,138.0757871,140.1421673,35.56319468,-33.40706156
"163","000576.SZ","农林牧渔",0,0,0,67.5407445,0,0,0,62.76824163,0,26.13925829,0,10.06839119,0,7.752192796,0,8.720968229,0,6.953454703,0,9.386182885,0,-38.86789228,0,-62.44572671,0,-44.2077451,0,80.62584628,0,-16.9467618,0,50.21498874,0,127.9544428,0,133.0305108,0,-237.2025101,0,-1133.965003,597.9170762,135.1050344,117.574486,102.4856253,-66.90788217,-83.24277886,-73.98682627,-63.63268161,-397.1345839,-1383.261721,-2470.976445,-9954.031572,247.4978525,166.7244826,111.9202689,105.4766471,-98.99501307,-191.8699165,-514.0246678,-505.4206228,1777.600772,90.06973361,18.29846647,-17.8684241,-1526.0066,-3032.149236,45.94486482,122.1744211,67.33142034,85.14580231,-63.47945808,-708.4031781,24.63895838,-197.7359274,-77.25246618,-153.0042943,1004.323071,446.2638942,260.7681463,124.0632019,-96.14653192,-90.4465761,-69.03700385,-23.68772243,45.11494916,-0.554267182,-72.90292878,-72.17393198,-485.7445868,-494.468025,1353.139952,1672.078686,-10.96692726,-41.4513833,-187.5072692,-42.2512944,5.679941363,41.94856153,55.33768032,-377.2045335
"173","000592.SZ","农林牧渔",0,0,0,97.47003177,0,0,0,4.578599717,0,0,0,-40.09742829,0,0,0,73.95164856,0,-24.9332237,0,8.563815008,0,-20.00269226,0,-511.4538581,0,-836.494185,0,26.67970554,0,104.84713,0,110.5287576,0,-87.84447088,159.8058563,-829.8734493,0,217.4939258,121.0017928,103.282306,-54.54152376,-426.8173326,-651.9677044,-6720.097031,-1890.493706,-5.035812765,27.35971836,48.63330516,12.34006113,2.598208458,-24.64909242,-46.54903173,-10.0757338,14.19026795,0.181630341,99.09995122,89.67188935,4615.454742,2473.550627,24248.26808,4342.241218,-88.41269269,-81.70856318,-78.27570242,-90.90487025,-53.47774125,-12.92664732,-9.946289337,44.37064749,-15.2382043,-33.00980782,22.78810519,-290.2340365,-29.95238515,-66.80294096,-90.63341539,-293.1321666,-262.2634543,-203.4054453,94.71341235,86.49021119,169.511601,285.1704597,194.3029075,102.3280695,123.54686,99.98724034,57.44942479,-794.3311968,9.627730378,-36.61914,-45.58849833,-512.7737945,-53.17418827,-51.39497815,-87.20117951,-609.135872,-118.543317,-96.74837496,-228.5030808
"212","000639.SZ","农林牧渔",0,0,0,0,0,0,0,41.02336648,0,0,0,-16.44419578,0,0,0,16.88654736,0,0,0,-3.291478819,0,-26.19376868,0,-438.883356,0,-312.9192144,0,123.0133943,0,122.8211863,0,-41.81897544,0,32.67654722,0,99.05766936,0,58.9212524,0,53.58454287,15.21274862,-15.4956903,-13.5785715,-3.245985929,2.687875158,41.21746766,34.77251495,30.79453795,-38.91727077,-23.5861213,-24.25837551,-39.23924188,35.7260732,17.98405529,-6.360911599,7.995189964,-25.83004171,-68.6024098,-45.29659446,-56.95222808,1.565144899,15.08115151,-44.21204022,-66.67457378,-128.3045497,-198.3572099,-232.3559513,-327.0511766,-62.29738015,66.25993516,34.02392178,19.40375325,1.294190069,31.23317158,48.22524029,36.25893172,10.99902025,-25.6486289,1.375947771,25.39071673,65.28431961,46.51716406,35.60311732,26.47889315,-25.06531161,-14.73888709,-26.96312021,-35.06776871,82.43179534,47.92746901,35.84973135,24.49985681,10.04814285,30.91219825,-8.005350093,9.161822432,92.72657258,117.3031781,145.7006765,207.6849241
"253","000702.SZ","农林牧渔",0,0,0,0,0,0,0,4.940208259,0,0,0,43.22206039,0,0,0,8.92793602,0,0,0,46.41516723,0,36.58039919,0,-1.834948466,0,-50.75885995,0,-12.82788199,0,-5.09972754,0,58.08118356,0,70.13294972,0,-30.42997676,0,-30.71989875,0,-47.39958063,-92.77400458,-47.5196938,-27.37925387,-60.38039516,86.64153948,-51.93908982,-12.2804584,-3302.191257,1266.757072,623.6594087,352.6946767,103.1087742,-63.82353794,-90.97720615,-90.04591287,244.7121222,-77.75842639,-95.49660825,-83.42343021,-458.8430594,738.711208,8930.205474,2540.609878,117.6317165,-46.40722237,-47.6492191,-42.78624137,-23.95981338,-31.94614903,-169.6654678,-117.7305687,-26.73065916,-11.23803469,181.2586936,354.6165445,-39.48058404,80.52972813,3.583635362,8.238895659,-28.4635278,78.71435238,68.92713663,69.04185147,-638.7684841,-39.92036031,-31.18704841,31.94586496,205.670708,-43.60238067,-33.612315,-33.1017927,-82.86483083,-486.0365039,-238.5667825,-160.8106921,-72.0802072,29.34320763,27.03849547,425.3777137,1066.197011
"262","000713.SZ","农林牧渔",0,0,0,0,0,0,0,104.439231,0,0,0,132.8298049,0,0,0,14.21966893,0,0,0,29.56095239,0,-52.70579904,0,4.748855231,0,33.34491223,0,7.986135448,0,-46.70389949,0,24.6924602,0,-24.77912664,0,-86.99413616,0,-85.6551953,0,-4715.003029,3795.08678,1896.271957,177.4562761,103.6272916,10.53092076,0.042819439,5.460666558,102.0686185,-2.280227173,-4.81460635,-13.74676814,39.37718415,25.63746154,32.13907702,45.77870062,41.40940739,7.504309847,8.715098542,13.64123972,42.80453348,10.0463629,19.1622229,-3.371426886,-20.2300268,-17.96194153,1.898520286,74.35299011,140.4465865,157.0270248,174.8448682,106.9731358,34.65632136,4.531320701,-39.43281623,-69.66185541,-39.25969854,-35.35886385,-45.22128147,-43.29106711,25.04065167,-28.479343,-51.39662258,-536.2177668,-17.32797788,-4.272157165,8.308804261,61.62426263,8.010018217,44.01286131,-44.15257651,-86.55705655,-50.11979709,-30.03974638,-149.5586587,-62.631735,-26.9905786,-136.9449731,-499.8171067,47.1543857,-34.17831886
"280","000735.SZ","农林牧渔",0,0,0,0,0,0,0,0,0,0,0,36.3923538,0,0,0,-1.981416919,0,0,0,49.09254233,0,-14.936533,0,39.95927804,0,-53.43393558,0,-23.78188658,0,511.331414,0,79.31523949,0,-47.35349479,0,-14.00049692,0,-45.47971833,0,-42.41341586,-45.5889304,-39.24378219,-48.51215967,-45.34872818,-43.07242275,-29.35305798,-28.71795813,-44.04507798,-29.20354883,-47.03162671,-357.1989794,-941.9385004,-196.407327,-68.83872411,112.6436747,-5.306933321,187.2878603,5802.232971,2548.56926,456.3272081,2227.455769,-18.7275691,-32.17534363,-76.73000944,-40.78925758,-79.39994739,-83.41064574,-24.82287945,-52.2681641,-77.07675001,-69.42241855,-53.97556202,37.70135704,163.0051915,353.3327146,120.965468,33.67531284,24.63286492,-40.8846731,-53.42699507,-46.11439035,-215.9206251,-65.56326324,-18.18825293,-601.7728541,236.1324095,1040.582653,113.5867819,177.7052987,-72.64574674,-14.75078561,18.15699778,-54.25904977,306.5271397,85.07914585,38.07955195,1062.431853,379.4972983,67.14883729,74.41858204
"318","000798.SZ","农林牧渔",0,0,0,0,0,0,0,0,0,0,0,190.0433781,0,0,0,-29.91431726,0,0,0,-5.632258112,0,125.0328697,0,2.36478753,0,33.81358631,0,-6.807131739,0,-19.28541159,0,-30.4880544,0,-95.93601033,0,774.9355937,0,-2109.815552,0,-23.6197373,-53.63819265,170.6040001,252.9675159,51.48643872,113.7660832,-44.74756197,-28.42021655,-34.68024918,-50.95836081,-43.84693668,-47.45203515,-67.37979129,-64.70666709,-49.93047679,-61.50167959,-71.20042356,-995.4118919,69.94251825,486.6707852,585.5127073,-941.2743933,-1135.206829,-530.4632155,-505.2294596,66.37721356,109.8023065,122.3812688,138.9062505,247.0096657,245.4893535,101.2213225,139.0391729,-45.26154686,80.33104134,-15.25983458,21.73838356,-678.2396693,-10.87146285,215.4078744,4.444737801,43.4386572,-175.4293317,-128.5836919,-11.4391394,2.105847572,24.44372671,261.4995789,-62.72423176,32.11076913,607.09948,-14.37326122,-2067.857626,-245.8771707,-630.6274366,-312.6180283,107.3378387,55.73858859,109.9174523,401.8698901,14.65193334
"365","000876.SZ","农林牧渔",0,0,0,0,0,0,0,0,0,0,0,54.06398693,0,0,0,2.848745991,0,0,0,-7.651592282,0,-17.60381024,0,9.587992165,0,-30.42449609,0,18.02332203,0,161.4187657,0,-5.504924754,0,17.3453455,0,220.779469,0,11.83540746,0,44.10727304,66.1068766,52.9841089,43.28875241,23.90173571,16.51107439,27.79081996,17.27008675,24.3909286,77.84804155,12.69035612,-1.269738639,24.03140724,-5.199741042,30.93543877,39.30034936,24.02643368,15.5761108,41.06704964,43.73824217,24.67234265,1.098452277,11.58453794,9.306427003,-24.37091846,43.64443236,41.84359946,37.58914705,83.77516895,54.69975453,12.21045592,18.49574221,50.20464554,58.10413969,74.69938017,93.5706477,80.56920982,5.163862317,-13.40608965,-30.56897773,-34.39798024,-13.41472086,-10.8465061,-2.465162811,13.5582307,-40.22407678,12.60666686,15.04252315,4.895054541,94.10092224,25.83678023,15.59109698,13.24896326,20.13366399,15.79475277,12.137529,5.837678036,-6.033124815,-20.80291184,-8.389794274,-6.392102371
"379","000893.SZ","农林牧渔",0,0,0,0,0,0,0,0,0,0,0,0,0,0,0,-10.84646729,0,0,0,-0.91934702,0,0,0,14.54122272,0,0,0,-57.03353518,0,-201.251003,0,-832.2684962,0,103.9635664,0,36.18962366,0,126.1260933,0,107.0099191,-313.615448,-73.20489374,-251.2220775,-717.7218654,104.9308145,165.1162714,170.1047858,173.4840499,324.3844612,49.98957994,158.5962538,-3.220610539,854.2094569,145.4885095,86.58856714,23.08316003,-7.166144907,14.36506196,-17.90742786,-18.61211588,8.232815802,-2.370669047,-66.45204669,-324.1185324,-154.9193342,-128.2085839,-98.36858628,37.17467757,-45.54803704,-54.43463832,-33.43881669,-6.534295634,-44.31659131,-243.0397162,-175.2556289,-200.4246416,-223.7271414,103.2359652,153.0014831,120.4787324,148.3355438,1209.220326,92.79052725,279.2365445,-2382.789663,-1125.337327,-424.9330873,-414.1801492,87.85762055,91.9838043,5.450815261,109.3093099,129.0361379,168.8926873,109.2016496,-68.71465108,-217.4184615,-248.8668652,-339.26119,-19717.57452
"393","000911.SZ","农林牧渔",0,0,0,0,0,0,0,0,0,0,0,0,0,0,0,0,0,0,0,5.758452815,0,0,0,61.81600837,0,0,0,-8.804329075,0,-44.63139854,0,27.70353087,0,120.8973287,0,-8.776423029,0,35.5420284,0,27.37938965,-45.18100954,5.907139623,-10.62214236,88.96381177,215.4093282,74.15950622,71.77858116,24.23065319,-92.89722936,-102.1707634,-112.8318249,-93.80833224,8093.396369,9155.536292,901.5616159,1983.985537,-74.11060743,-83.41626568,-39.9981393,-21.95476911,65.26449826,261.4724876,43.58182594,-71.14598992,-186.7481125,-59.67984181,-17.09421646,253.2087222,214.9436645,79.0801142,-3.000245763,29.53616185,-43.17285223,87.31220914,70.35219808,-73.50547307,-248.0198408,-134.0987554,-214.4979111,-826.9523383,-51.39213099,-190.8925751,-2.07859716,120.5839042,35.8775884,63.6669398,10.32508355,-503.5501228,139.0949527,155.7833659,131.8429805,119.2733505,-621.682674,-875.2946043,-698.5169967,-63.57598312,100.189504,62.72525647,60.11429203,-1129.813414
"409","000930.SZ","农林牧渔",0,0,0,0,0,0,0,0,0,0,0,0,0,0,0,0,0,0,0,81.32671293,0,0,0,24.34527176,0,0,0,15.33685994,0,32.11193391,0,111.6686206,0,84.56042825,0,36.01433577,0,-29.87390494,0,3.74605938,49.87095714,45.5948305,23.55045009,-8.266521744,58.95738797,55.50027659,26.36699184,2.301018007,-36.22717245,21.86031194,32.7373766,45.54398654,19.03777378,6.089002862,-15.03606519,-314.6248808,-512.6463957,-431.1992168,-451.3263595,105.1606029,127.6642299,125.1652491,129.0265985,96.05703292,-27.48533387,79.68937821,86.55788484,727.0318502,79.66471363,-7.260492431,2.158594934,-3.028612473,78.02041454,46.21928373,31.78838171,33.14160871,-38.72227661,-53.71854583,-57.17661478,-44.24620946,-37.72352781,-45.75648458,-45.06503136,-74.94657858,-39.90580115,-32.76743646,-46.9945914,-37.41051845,-1072.78558,-1203.845794,-1682.036729,-4832.209864,81.39249475,102.075353,119.5524888,108.912756,315.4482916,3005.120919,104.3928137,87.37714015
"439","000972.SZ","农林牧渔",0,0,0,0,0,0,0,0,0,0,0,0,0,0,0,0,0,0,0,0,0,0,0,524.0674686,0,0,0,23.2838426,0,0,0,2.430984499,0,-99.24015417,0,-21.88894777,0,821.1053622,0,130.2026429,387.1063626,30.45715534,27.92231588,103.322719,-104.5247091,-19.76009181,-8.380132521,-33.68774693,12013.0078,48.22508589,68.11646667,2.158522884,-1.074556147,13.56539428,-14.64064394,49.88114401,-13.85681317,19.98861312,-1.122019742,-34.1472258,298.4592232,92.47782375,48.87230621,-231.583089,-41.62637629,-31.02750572,-48.41920944,106.3227376,-212.90482,-795.5912379,-1597.108079,-12812.63372,-144.2131618,16.75925215,-22.97200149,-196.8601302,-27.04709458,-1.68243642,-4.536672184,100.4492382,39.14959558,47.86393628,53.72166235,-8023.097805,86.7482478,72.79923664,67.92065328,123.0707408,-38.89694851,-3.825649242,-34.42968876,-154.6942569,-119.6761286,-88.59390063,-30.02031731,-354.1440336,6.060227227,28.9808666,259.6689483,137.3067792
"459","000998.SZ","农林牧渔",0,0,0,0,0,0,0,0,0,0,0,0,0,0,0,0,0,0,0,0,0,0,0,43.81211497,0,0,0,0.372827069,0,0,0,39.36158805,0,137.0149452,0,17.10220467,0,-31.913713,0,-55.99604408,66.65547582,0.109471014,-21.0962897,86.71171627,-38.41811336,14.44910387,33.43509445,43.17981193,58.64269305,69.25869471,15.05716062,4.749053202,13.56387733,-5.920116187,15.20026991,7.70036364,3.380191327,-19.15543061,-50.08301624,-18.11881804,400.2760159,148.8312778,165.7645954,38.437903,-74.60014613,-53.2971354,-97.20777759,22.42720739,135.6603035,34.8340127,2047.48175,66.71979906,87.05039994,123.2956619,131.174012,68.9424759,44.20459938,39.97869781,159.8404115,23.96632507,22.78835244,14.51285669,-36.68491335,7.484142481,-21.4986039,-26.63199393,-9.974416997,7.426753538,6.320698453,39.57838842,14.12423574,43.45320674,5.913566677,-16.60936884,-23.65328077,7.348346063,80.52765181,107.768638,217.0830609,77.85997888
"505","002041.SZ","农林牧渔",0,0,0,0,0,0,0,0,0,0,0,0,0,0,0,0,0,0,0,0,0,0,0,0,0,0,0,0,0,0,0,0,0,0,0,0,0,0,0,0,0,0,0,22.99315079,0,0,0,-1.32170394,-5.953185113,4.355417728,-11.36421776,7.157006917,-10.53430118,-62.61631656,-82.40239193,-75.55416139,-32.26162409,-34.67482438,-7.398782151,80.98499908,138.4268768,296.9869089,284.2343327,58.53883232,17.81425283,29.1327237,88.36405616,199.5558433,92.60158697,92.41272682,105.4074823,108.4572117,-35.94858507,-35.614735,-33.73527523,7.341548958,-69.55618576,-39.91364181,-47.92295869,2.667160986,235.7648682,152.3458634,184.413575,33.32643546,28.22652121,-14.47494552,-10.83917961,-5.219315881,-32.01153605,8.65963799,15.29777376,-8.225439382,43.3765475,23.56609915,29.81223666,6.336918942,-65.2554399,-56.63914328,-65.58778055,-73.89483769
"533","002069.SZ","农林牧渔",0,0,0,0,0,0,0,0,0,0,0,0,0,0,0,0,0,0,0,0,0,0,0,0,0,0,0,0,0,0,0,0,0,0,0,0,0,0,0,0,0,0,0,0,0,0,0,103.9150128,0,0,0,107.7219965,0,0,15.89907336,11.69907473,-29.50109835,-16.30586333,0.780582751,-0.080235332,-56.76372265,-50.8423929,-19.9488028,-25.38725578,-7.229210011,15.62904014,27.77244583,56.50002051,463.8606465,333.4554668,135.7123913,115.6205767,17.87750268,27.06056907,5.466455615,17.71752973,-27.47647829,-27.27548277,-29.31492812,-79.16748058,-64.87390859,-65.76194491,-70.52082386,-6.065463824,-3.101424899,-10.6564188,-1382.031178,-1328.347859,-130.7834285,-93.39603397,100.3860873,79.46490083,-7.063388444,99.80743614,872.2223566,130.8486052,129.9866558,373.5164226,152.7773501,-1058.55784
"550","002086.SZ","农林牧渔",0,0,0,0,0,0,0,0,0,0,0,0,0,0,0,0,0,0,0,0,0,0,0,0,0,0,0,0,0,0,0,0,0,0,0,0,0,0,0,0,0,0,0,0,0,0,0,100.6617414,0,0,0,16.85079186,0,0,23.3390479,13.73979948,9.948522159,22.99545064,23.5628886,21.62164893,16.06026859,16.25408539,17.65175097,19.64717695,2.256562766,22.28126689,21.89983693,20.67052801,28.0435064,34.02608453,30.41298073,32.59689348,29.74249035,31.18312182,31.70774536,29.81781843,16.14900567,15.31751761,20.95464591,4.205040148,3.713320794,2.813096803,-8.110406291,-42.17747952,-76.27698902,-7.859809901,-38.01390057,-25.91839429,-3.998725659,12.72424824,12.94405005,15.45196239,21.89403857,30.63206757,27.93411221,46.73745262,-24.72621222,92.2717075,89.87377766,64.29812563
"564","002100.SZ","农林牧渔",0,0,0,0,0,0,0,0,0,0,0,0,0,0,0,0,0,0,0,0,0,0,0,0,0,0,0,0,0,0,0,0,0,0,0,0,0,0,0,0,0,0,0,0,0,0,0,15.03833038,0,0,0,30.73831443,0,0,24.53396523,41.93435792,35.5643545,13.81004668,15.71683252,28.34410768,28.64061364,8.849207057,9.891047779,45.82422256,17.78908922,82.44287735,120.8632281,39.61477463,10.59824288,3.415173089,1.234190423,9.13069781,32.31547061,12.52053592,1.642714087,-28.6380518,28.88082856,23.42947212,5.699271648,35.60691234,25.10473454,14.67394713,26.42445036,58.34851409,-5.319547109,17.09195171,20.81632929,22.27408714,10.76422368,40.02228898,44.72503747,6.495277607,102.6611912,37.42801811,50.79452379,59.25709718,10.45213297,-1.923923863,0.331087844,3.563620249
"588","002124.SZ","农林牧渔",0,0,0,0,0,0,0,0,0,0,0,0,0,0,0,0,0,0,0,0,0,0,0,0,0,0,0,0,0,0,0,0,0,0,0,0,0,0,0,0,0,0,0,0,0,0,0,294.7926222,0,0,0,11.74910747,0,0,0,-26.98865486,33.73025862,265.6064745,52.10190339,34.6103953,13.25655622,2164.344075,268.873938,249.3109884,-4.019583459,-107.2068575,-55.90409983,-39.82728194,126.3925347,509.7975887,-15.8129114,-23.4557424,-1128.689099,-136.1246721,-36.3667475,4.017207031,104.8599354,248.0133395,111.8686739,14.88219165,-2531.855311,-151.8067208,-9.248414602,144.1407626,-39.42487953,-356.7857999,-67.74348376,-78.27390605,-9.590743972,24.86746245,247.7956446,295.8248681,352.2313661,944.4944442,565.6344009,246.4020963,-23.80108714,-33.46212729,-35.84260223,-30.43715759
"621","002157.SZ","农林牧渔",0,0,0,0,0,0,0,0,0,0,0,0,0,0,0,0,0,0,0,0,0,0,0,0,0,0,0,0,0,0,0,0,0,0,0,0,0,0,0,0,0,0,0,0,0,0,0,0,0,0,0,-0.972745041,0,0,0,41.6619637,0,73.94288203,65.85571248,18.07081524,144.9085835,148.3301641,58.30551138,17.1808274,7.882320159,1.013476784,15.64972785,27.48016007,-28.04965805,-7.105437891,11.34109597,28.49444322,128.4278133,138.954302,156.3723022,120.6919769,56.03493688,22.32890227,-24.78059118,-56.72511712,-80.29819203,-107.6567701,-98.59068335,-138.8413452,-1124.409723,-2318.155274,-8865.362789,228.197196,22.37812311,95.16463431,256.7839051,265.4000346,426.5864713,3407.229572,412.3038721,209.1081026,-41.7943722,-52.46488739,-54.38339071,-46.40098482
"684","002220.SZ","农林牧渔",0,0,0,0,0,0,0,0,0,0,0,0,0,0,0,0,0,0,0,0,0,0,0,0,0,0,0,0,0,0,0,0,0,0,0,0,0,0,0,0,0,0,0,0,0,0,0,0,0,0,0,100.5382309,0,0,0,91.23036083,0,0,0,96.66363589,62.16261512,51.0379089,34.53650279,41.764652,-57.9059049,-42.14207458,-25.01699154,12.08358912,298.8320632,122.6687094,110.1646407,61.45185514,-14.87989195,28.64495162,54.4012291,39.55926064,20.98031055,11.41167192,5.484877105,-11.40842557,-7.847607213,4.992719942,5.181960381,-11.79541502,-6.388545652,5.371296018,8.432081742,1.113198632,4.055632985,3.899841848,7.380842061,15.25633085,15.31931606,10.59177974,8.213072031,16.76684756,5.181046754,1.263519038,-26.63531751,-26.30144768
"698","002234.SZ","农林牧渔",0,0,0,0,0,0,0,0,0,0,0,0,0,0,0,0,0,0,0,0,0,0,0,0,0,0,0,0,0,0,0,0,0,0,0,0,0,0,0,0,0,0,0,0,0,0,0,0,0,0,0,0,0,0,0,10.62687806,0,0,0,114.2173004,46.23048482,13.70416932,6.774025615,-41.81070913,-106.3068719,-158.0451226,-118.8743246,-182.6456024,-849.3302398,11.39098103,294.285207,215.2559901,342.3975173,432.7578646,622.6902653,281.6003995,-69.45230103,-84.11752418,-126.0247989,-143.6920196,-429.4191693,-665.5044343,-175.1405251,-198.0287977,-2.323171214,115.3305044,140.3128802,125.5434162,-4.664894873,-1227.204781,-493.3755456,-603.3292439,265.7692083,214.7440984,215.4666839,148.7405796,-209.5453003,-218.1255509,-215.8065462,-288.9272935
"749","002286.SZ","农林牧渔",0,0,0,0,0,0,0,0,0,0,0,0,0,0,0,0,0,0,0,0,0,0,0,0,0,0,0,0,0,0,0,0,0,0,0,0,0,0,0,0,0,0,0,0,0,0,0,0,0,0,0,0,0,0,0,174.0780625,0,0,0,66.41878011,0,0,0,34.48116239,-26.31730413,0,-0.730429858,-12.29061637,23.22343034,2.55038842,12.1948117,8.989925362,24.25263426,30.23564401,42.80621669,30.16784148,30.57831521,18.62374008,10.25234521,20.82761482,1.560273462,-24.34637895,-29.19869043,-38.95123985,1.062992101,1.06398086,-19.66453208,-44.58670482,12.59999984,10.65100996,17.78095207,79.76293275,-13.24906536,4.919074856,9.723261606,20.16743207,4.809089668,18.39811622,5.714423564,-0.217886323
"762","002299.SZ","农林牧渔",0,0,0,0,0,0,0,0,0,0,0,0,0,0,0,0,0,0,0,0,0,0,0,0,0,0,0,0,0,0,0,0,0,0,0,0,0,0,0,0,0,0,0,0,0,0,0,0,0,0,0,0,0,0,0,0,0,0,0,212.4493293,0,0,0,8.371705424,0,0,-2.296184389,10.50186775,13.89484769,-14.28974812,7.134010754,38.7719398,74.94940058,83.36165208,109.2984099,69.74984458,53.97464508,-9.411081924,-76.80132418,-107.2497549,-231.6036296,-328.8514823,-445.5485933,-664.6731743,-41.10626626,111.5339682,143.701485,114.5124226,-69.05161572,-1443.110389,-490.7027022,-1414.052486,128.6828373,159.3286236,217.7014727,236.7645576,-84.52228471,-109.1538186,-90.41899499,-65.73663962
"774","002311.SZ","农林牧渔",0,0,0,0,0,0,0,0,0,0,0,0,0,0,0,0,0,0,0,0,0,0,0,0,0,0,0,0,0,0,0,0,0,0,0,0,0,0,0,0,0,0,0,0,0,0,0,0,0,0,0,0,0,0,0,0,0,0,0,82.78546988,0,0,0,28.00172226,0,0,24.18477109,13.48740773,4.192041757,27.25999046,24.58756608,36.57487917,211.0028701,92.04001189,66.44060529,65.87412587,-38.31020197,40.01800071,28.91742244,23.87372014,-19.44421494,-19.14234914,-16.36924493,-25.6431597,181.3889319,47.48787591,53.69198958,62.88648485,50.61755267,41.64764163,34.87630854,43.82852174,170.3876348,34.98136434,21.08769494,10.18928093,60.28935404,32.8956705,29.00430132,40.55551999
"784","002321.SZ","农林牧渔",0,0,0,0,0,0,0,0,0,0,0,0,0,0,0,0,0,0,0,0,0,0,0,0,0,0,0,0,0,0,0,0,0,0,0,0,0,0,0,0,0,0,0,0,0,0,0,0,0,0,0,0,0,0,0,0,0,0,0,466.7956522,0,0,0,-41.06474854,0,0,-5.426529989,-19.45038275,7.11880614,6.652990083,11.90812458,36.80087406,88.13035313,62.08072817,109.9827323,57.37476604,3.050088346,-34.03590047,-139.7466748,-93.45684825,-92.60951336,-402.2138765,-245.0898694,-2383.855632,-4275.687546,22.34916671,102.3416826,110.6844964,126.4749786,143.4731787,1373.637981,24.96882726,-23.89618692,208.7494935,174.9655527,495.8953755,26.61226284,-56.17901567,-25.09159622,0.645300463
"848","002385.SZ","农林牧渔",0,0,0,0,0,0,0,0,0,0,0,0,0,0,0,0,0,0,0,0,0,0,0,0,0,0,0,0,0,0,0,0,0,0,0,0,0,0,0,0,0,0,0,0,0,0,0,0,0,0,0,0,0,0,0,0,0,0,0,23.22123337,0,0,0,30.33318799,0,0,0,95.42434644,2.478320614,3.978176836,10.21722851,11.69823642,73.71371237,74.56005946,67.76422218,68.11526396,42.93828546,38.57808589,34.90863051,33.93710908,6.702924363,0.070323401,0.288250197,10.73530575,-18.26894665,-11.07515436,-3.256578309,3.606358346,-39.21830916,-32.33852671,-14.66700541,-12.68886069,37.34734607,91.19394425,64.58754309,32.13563428,52.0112156,45.68717533,44.30843713,40.85363203
"921","002458.SZ","农林牧渔",0,0,0,0,0,0,0,0,0,0,0,0,0,0,0,0,0,0,0,0,0,0,0,0,0,0,0,0,0,0,0,0,0,0,0,0,0,0,0,0,0,0,0,0,0,0,0,0,0,0,0,0,0,0,0,0,0,0,0,0,0,0,0,55.79442948,0,0,0,14.04742215,0,-25.00610557,-30.6247572,-40.92206974,123.4349044,151.0028538,409.8892855,390.7313352,18.19158841,27.12080733,-79.14497754,-95.44627818,-193.7093628,-217.0501878,-451.2434572,-2813.420894,-184.8966677,30.55794102,81.44486831,108.0428755,8.869988526,-196.8426044,-922.1334271,-1835.334316,230.0887654,239.6134456,280.2774498,238.6714991,-96.11295069,-145.0479981,-137.1320305,-155.9598862
"940","002477.SZ","农林牧渔",0,0,0,0,0,0,0,0,0,0,0,0,0,0,0,0,0,0,0,0,0,0,0,0,0,0,0,0,0,0,0,0,0,0,0,0,0,0,0,0,0,0,0,0,0,0,0,0,0,0,0,0,0,0,0,0,0,0,0,0,0,0,0,188.596204,0,0,0,41.3163792,0,0,16.98747843,39.23582686,106.3607766,347.7804913,321.2963167,248.5311449,146.8046334,33.54981028,-15.38784122,-29.4650972,-48.21700406,-78.61210971,-74.17954821,-74.87074393,-252.3588753,-461.193455,-206.2843702,-342.4351835,-6.065635133,98.43443298,232.5603729,224.9438978,211.4516014,19053.05522,609.7296262,262.3386957,25.81538473,35.41749278,4.404997206,-87.03740922
"968","002505.SZ","农林牧渔",0,0,0,0,0,0,0,0,0,0,0,0,0,0,0,0,0,0,0,0,0,0,0,0,0,0,0,0,0,0,0,0,0,0,0,0,0,0,0,0,0,0,0,0,0,0,0,0,0,0,0,0,0,0,0,0,0,0,0,0,0,0,0,167.0743291,0,0,0,2.133411922,0,0,70.70932475,34.08859876,92.87235856,107.0818535,54.95249823,39.46625703,-0.484386445,-19.97313872,-39.39405651,-133.4280348,-49.91062208,-96.63898325,-97.00503253,124.6164926,-144.4114883,705.4439081,1230.635583,303.6964854,129.7800446,69.13304515,32.10037472,-73.44421886,606.6402018,-20.60140489,156.4253328,668.1640243,1011.307187,214.034073,50.90922792,-122.8290603
"1010","002548.SZ","农林牧渔",0,0,0,0,0,0,0,0,0,0,0,0,0,0,0,0,0,0,0,0,0,0,0,0,0,0,0,0,0,0,0,0,0,0,0,0,0,0,0,0,0,0,0,0,0,0,0,0,0,0,0,0,0,0,0,0,0,0,0,0,0,0,0,129.1041664,0,0,0,14.74883556,0,0,7.930158665,-0.9565658,6.017377023,-8.090793491,-6.76848565,2.523545401,47.79377297,31.10098494,21.71840936,-5.695575129,-66.1718312,-49.82949654,-34.0798561,-22.9577828,160.359568,79.5456856,46.18666588,46.39886374,24.65392817,15.45596931,81.06116891,71.76170615,129.9400139,167.4805868,60.73817594,62.08605754,52.00096597,3.33191473,-6.50928352,-39.08860017
"1029","002567.SZ","农林牧渔",0,0,0,0,0,0,0,0,0,0,0,0,0,0,0,0,0,0,0,0,0,0,0,0,0,0,0,0,0,0,0,0,0,0,0,0,0,0,0,0,0,0,0,0,0,0,0,0,0,0,0,0,0,0,0,0,0,0,0,0,0,0,0,43.92742578,0,0,0,22.75613271,0,0,0,24.97127785,39.69028113,31.10474162,58.30278679,42.54571057,85.10733418,94.21490056,37.76683101,38.42763305,-25.98908677,-41.1338863,-34.34436238,-28.95031735,-20.6964493,-12.95605857,25.47589998,8.700398821,40.97181284,59.34319809,28.68723866,11.57625883,52.57141175,90.35681647,50.65059575,68.44394346,65.32300491,72.5848337,44.08310231,50.80090988
"1066","002604.SZ","农林牧渔",0,0,0,0,0,0,0,0,0,0,0,0,0,0,0,0,0,0,0,0,0,0,0,0,0,0,0,0,0,0,0,0,0,0,0,0,0,0,0,0,0,0,0,0,0,0,0,0,0,0,0,0,0,0,0,0,0,0,0,0,0,0,0,0,0,0,0,20.19652693,0,0,0,14.46556421,0,14.57512537,5.164498766,-5.951987799,-10.2080269,-7.846690316,-7.858807427,-15.82123475,-3.911621883,-5.648112739,-7.161303174,-0.182810533,-20.8328531,74.67973864,52.19883689,17.7455773,-29.05863406,-51.23696106,-40.60025464,-43.2740916,5.873451331,26.98328781,88.33740299,142.7122475,171.0362358,36.73988966,19.95661006,-3087.409086
"1141","002679.SZ","农林牧渔",0,0,0,0,0,0,0,0,0,0,0,0,0,0,0,0,0,0,0,0,0,0,0,0,0,0,0,0,0,0,0,0,0,0,0,0,0,0,0,0,0,0,0,0,0,0,0,0,0,0,0,0,0,0,0,0,0,0,0,0,0,0,0,0,0,0,0,0,0,0,0,26.1335575,0,0,0,16.12060147,-6.469872294,8.938498059,160.0026546,18.29073331,-125.6646747,-71.3484904,-11.35951404,-12.85715172,-17.26836797,15.86283642,-40.85627987,-2.431358839,-54.30893787,-91.12263391,14.91611867,-21.20317148,-20.95830213,-5801.899519,-135.2134636,-31.06630819,8.545424621,-13.97916982,6.022842011,118.4921971
"1150","002688.SZ","农林牧渔",0,0,0,0,0,0,0,0,0,0,0,0,0,0,0,0,0,0,0,0,0,0,0,0,0,0,0,0,0,0,0,0,0,0,0,0,0,0,0,0,0,0,0,0,0,0,0,0,0,0,0,0,0,0,0,0,0,0,0,0,0,0,0,0,0,0,0,76.16570681,0,0,0,104.3460019,0,0,0,44.56237352,0,8.989183008,21.97875375,16.42086112,-18.97963617,-13.07573491,8.834130631,1.196889125,16.66089267,9.895937703,-4.838841218,-11.64366758,23.70163275,10.70482244,17.99027026,44.55345203,107.3708273,77.37644905,74.02785383,50.51619936,-17.51460573,-14.88184496,-12.46601314,-36.83934371
"1158","002696.SZ","农林牧渔",0,0,0,0,0,0,0,0,0,0,0,0,0,0,0,0,0,0,0,0,0,0,0,0,0,0,0,0,0,0,0,0,0,0,0,0,0,0,0,0,0,0,0,0,0,0,0,0,0,0,0,0,0,0,0,0,0,0,0,0,0,0,0,0,0,0,0,28.43714603,0,0,0,31.52854495,0,0,0,33.04163134,0,0,42.21763644,25.49545651,-55.31753995,-45.85114755,-41.50577922,-32.69555176,37.55117397,32.62272674,6.548239074,9.180457277,-349.9006525,-60.56380147,-14.62900791,1.703175812,103.3695889,91.72024085,9.921421481,9.684014377,-26.98376634,19.69599267,55.81505671,86.00655861
"1174","002714.SZ","农林牧渔",0,0,0,0,0,0,0,0,0,0,0,0,0,0,0,0,0,0,0,0,0,0,0,0,0,0,0,0,0,0,0,0,0,0,0,0,0,0,0,0,0,0,0,0,0,0,0,0,0,0,0,0,0,0,0,0,0,0,0,0,0,0,0,0,0,0,0,0,0,0,0,-9.268475162,0,0,0,316.5845035,0,0,0,-7.410349443,0,0,-24.76986134,-7.988419026,-291.1830096,-206.4582296,-98.16837099,-73.60425469,63.75671921,158.2070273,10235.58559,642.9741817,1922.034885,2189.925453,531.5237569,289.6778439,84.81397994,11.92054538,2.85363398,1.879093672
"1204","002746.SZ","农林牧渔",0,0,0,0,0,0,0,0,0,0,0,0,0,0,0,0,0,0,0,0,0,0,0,0,0,0,0,0,0,0,0,0,0,0,0,0,0,0,0,0,0,0,0,0,0,0,0,0,0,0,0,0,0,0,0,0,0,0,0,0,0,0,0,0,0,0,0,0,0,0,0,37.86210467,0,0,0,76.05073619,0,0,0,-56.24546429,0,0,0,-45.12912469,0,0,0,-6.878393346,-15.89024582,-34.76258493,-67.40651054,-49.13658058,727.0914406,783.3135807,1144.576211,987.1876977,-21.241314,-51.088535,-63.33312483,-58.43969141
"1228","002772.SZ","农林牧渔",0,0,0,0,0,0,0,0,0,0,0,0,0,0,0,0,0,0,0,0,0,0,0,0,0,0,0,0,0,0,0,0,0,0,0,0,0,0,0,0,0,0,0,0,0,0,0,0,0,0,0,0,0,0,0,0,0,0,0,0,0,0,0,0,0,0,0,0,0,0,0,0,0,0,0,0,0,0,0,46.84315488,0,0,0,-14.51387161,0,0,0,66.00487339,0,11.63889554,19.95097575,26.65030156,89.33932447,96.81193017,81.48636994,40.28579489,-42.51591211,-16.20490043,-13.58467015,-11.50404595
"1302","002852.SZ","农林牧渔",0,0,0,0,0,0,0,0,0,0,0,0,0,0,0,0,0,0,0,0,0,0,0,0,0,0,0,0,0,0,0,0,0,0,0,0,0,0,0,0,0,0,0,0,0,0,0,0,0,0,0,0,0,0,0,0,0,0,0,0,0,0,0,0,0,0,0,0,0,0,0,0,0,0,0,0,0,0,0,0,0,0,0,171.6497449,0,0,0,179.7989367,0,0,0,26.57182516,0,0,0,12.45450695,-2.414518385,-26.77106981,-26.07078451,-6.989921055
"1317","002868.SZ","农林牧渔",0,0,0,0,0,0,0,0,0,0,0,0,0,0,0,0,0,0,0,0,0,0,0,0,0,0,0,0,0,0,0,0,0,0,0,0,0,0,0,0,0,0,0,0,0,0,0,0,0,0,0,0,0,0,0,0,0,0,0,0,0,0,0,0,0,0,0,0,0,0,0,0,0,0,0,0,0,0,0,0,0,0,0,-23.75170105,0,0,0,-4.612836197,0,0,0,148.3504227,0,0,0,18.25250277,-14.16632926,-22.55145326,-9.990927464,-6.968017066
"1339","002891.SZ","农林牧渔",0,0,0,0,0,0,0,0,0,0,0,0,0,0,0,0,0,0,0,0,0,0,0,0,0,0,0,0,0,0,0,0,0,0,0,0,0,0,0,0,0,0,0,0,0,0,0,0,0,0,0,0,0,0,0,0,0,0,0,0,0,0,0,0,0,0,0,0,0,0,0,0,0,0,0,0,0,0,0,0,0,0,0,0,0,0,0,-56.41118538,0,0,0,763.8379821,0,0,0,48.94747145,0,35.61872691,8.991121925,8.141828968
"1402","300021.SZ","农林牧渔",0,0,0,0,0,0,0,0,0,0,0,0,0,0,0,0,0,0,0,0,0,0,0,0,0,0,0,0,0,0,0,0,0,0,0,0,0,0,0,0,0,0,0,0,0,0,0,0,0,0,0,0,0,0,0,0,0,0,0,64.38356011,0,0,0,35.01893482,0,0,1.563045011,27.17258534,2.090612906,2.958324874,4.924733957,17.42097789,46.73919747,49.76258539,-9.008429068,2.233339633,8.181757829,-29.09760761,8.104930498,5.324647245,-13.49685823,-5.360274018,-28.09259601,-45.12751255,-34.45393348,-13.29245628,-17.5882774,23.91484018,3.753898316,57.45404176,41.60005186,196.7467402,286.3346205,62.28886944,23.44857501,0.967901188,93.50179349,66.07736426,46.10695849,64.46953806
"1467","300087.SZ","农林牧渔",0,0,0,0,0,0,0,0,0,0,0,0,0,0,0,0,0,0,0,0,0,0,0,0,0,0,0,0,0,0,0,0,0,0,0,0,0,0,0,0,0,0,0,0,0,0,0,0,0,0,0,0,0,0,0,0,0,0,0,0,0,0,0,71.39506413,0,0,0,38.97877136,13.89851902,17.87463397,14.71011929,2.057495272,-26.81848776,-75.21555543,-93.80240625,-23.91106867,114.9157724,206.3405304,2250.855595,34.23746079,-51.15046314,-204.2005441,-213.1123608,-30.29069318,52.93827988,79.35749151,48.57699489,-2.566285736,-3.994533721,74.11073303,-3.467510478,77.36143625,-43.13625013,-1273.819613,-57.66581267,22.23221128,29.63510355,12.18899293,-195.4315773,84.93821371
"1474","300094.SZ","农林牧渔",0,0,0,0,0,0,0,0,0,0,0,0,0,0,0,0,0,0,0,0,0,0,0,0,0,0,0,0,0,0,0,0,0,0,0,0,0,0,0,0,0,0,0,0,0,0,0,0,0,0,0,0,0,0,0,0,0,0,0,0,0,0,0,6.098161493,0,0,0,25.96273307,-13.89411115,-15.21601275,-17.56032835,-17.95729201,76.68885888,19.70127462,-50.40334048,-85.12191233,-778.9746543,-547.2836372,-494.6873611,-2024.074761,70.47325113,106.2273226,128.6201791,125.0487136,284.2772393,357.8563997,12.97037692,298.3413096,-237.0603043,-302.8145572,-89.85501925,-89.88235702,86.60895553,121.9029736,1989.317043,312.65794,722.2728513,705.5410601,78.46251178,53.42300994
"1486","300106.SZ","农林牧渔",0,0,0,0,0,0,0,0,0,0,0,0,0,0,0,0,0,0,0,0,0,0,0,0,0,0,0,0,0,0,0,0,0,0,0,0,0,0,0,0,0,0,0,0,0,0,0,0,0,0,0,0,0,0,0,0,0,0,0,0,0,0,0,140.1955239,0,0,0,33.82153906,0,19.3722173,28.84026209,12.90501037,7.49564605,7.366837335,7.523559582,13.01852421,-49.08540082,0.53698777,-4.457489903,-21.08104706,12.34763339,3.769577107,-0.052728682,-2.332874373,51.92085127,32.34420639,17.36791463,3.55784298,19.36095314,5.434029866,-29.39312737,-31.97932465,-287.4196579,-227.3660377,-342.2444799,-322.9919051,-27.51412509,-71.14294998,-46.56309948,-704.0182017
"1499","300119.SZ","农林牧渔",0,0,0,0,0,0,0,0,0,0,0,0,0,0,0,0,0,0,0,0,0,0,0,0,0,0,0,0,0,0,0,0,0,0,0,0,0,0,0,0,0,0,0,0,0,0,0,0,0,0,0,0,0,0,0,0,0,0,0,0,0,0,0,18.77827209,0,0,0,34.49032698,0,0,19.6128732,13.68844727,7.145679011,22.09862659,25.51335895,27.65202869,11.54412054,13.16672481,2.305705552,18.27150904,4.053267298,-3.907499339,-0.481776305,1.074194003,-35.69699566,-53.49387197,-57.5628696,-81.16147227,36.53410145,47.53788956,109.0503929,327.1261039,9.334590905,22.89938916,31.14424561,25.16565678,23.22503282,10.3221932,-1.116944145,-18.61917175
"1518","300138.SZ","农林牧渔",0,0,0,0,0,0,0,0,0,0,0,0,0,0,0,0,0,0,0,0,0,0,0,0,0,0,0,0,0,0,0,0,0,0,0,0,0,0,0,0,0,0,0,0,0,0,0,0,0,0,0,0,0,0,0,0,0,0,0,0,0,0,0,197.1572658,0,0,0,32.9520793,0,0,18.81145684,22.72869164,21.3643211,9.913312108,11.83761624,7.346268111,-23.65740681,3.935692052,-28.71482196,-20.89371464,-50.203859,-67.61407481,-95.03645538,-81.78180455,-70.86144313,-55.55667901,492.6789298,93.84266652,44.38036136,622.4097048,320.4256893,230.7143708,286.8362947,42.22044275,77.4796137,46.11351316,91.64850636,12.08002681,17.3283941,28.79520397
"1529","300149.SZ","农林牧渔",0,0,0,0,0,0,0,0,0,0,0,0,0,0,0,0,0,0,0,0,0,0,0,0,0,0,0,0,0,0,0,0,0,0,0,0,0,0,0,0,0,0,0,0,0,0,0,0,0,0,0,0,0,0,0,0,0,0,0,0,0,0,0,93.65493476,0,0,0,26.71238559,0,0,73.93527148,14.94068389,-56.95468612,-48.29879412,-25.32066557,-16.77041358,84.63966709,111.4960418,63.88197002,30.31999148,5.925760121,5.085949965,4.774978366,3.901790346,-20.93547233,-11.13198053,2.259044973,0.684745102,87.81539458,31.5811328,70.64009617,58.51586863,34.56974857,29.71367214,-4.103692417,6.952909237,-18.89366679,0.990998203,-8.756076085,-13.326812
"1555","300175.SZ","农林牧渔",0,0,0,0,0,0,0,0,0,0,0,0,0,0,0,0,0,0,0,0,0,0,0,0,0,0,0,0,0,0,0,0,0,0,0,0,0,0,0,0,0,0,0,0,0,0,0,0,0,0,0,0,0,0,0,0,0,0,0,0,0,0,0,2.632131679,0,0,0,57.65322272,0,0,26.33702372,33.60215514,1372.733832,21.68926701,18.19241556,18.85362295,50.00355891,5.029217223,-29.07537579,-60.52334341,24.89748884,-34.02516018,-37.70027586,-24.19419279,-31.38056808,222.5979692,658.903617,406.2128464,31.89677897,-53.30736451,-75.07319756,-57.49586506,-19.17899689,-17.22214153,68.11228635,2.971176082,611.0838773,101.1129677,18.07592936,2.309005225
"1568","300189.SZ","农林牧渔",0,0,0,0,0,0,0,0,0,0,0,0,0,0,0,0,0,0,0,0,0,0,0,0,0,0,0,0,0,0,0,0,0,0,0,0,0,0,0,0,0,0,0,0,0,0,0,0,0,0,0,0,0,0,0,0,0,0,0,0,0,0,0,149.0508323,0,0,0,108.5690197,0,0,0,40.33528266,23.48640114,7.391627675,1.01382195,-2.557466479,3.315721078,2.212574554,0.056047175,11.31825881,1.922281625,-24.81507056,-45.36736516,-48.55562162,-46.53718957,-96.29407545,-290.2468471,-430.6703028,-160.3412435,-302.3425787,91.44264924,100.1351316,84.75591905,399.903974,-489.8336106,18064.43182,780.8870765,106.5519691,107.1199818,-95.58887787
"1647","300268.SZ","农林牧渔",0,0,0,0,0,0,0,0,0,0,0,0,0,0,0,0,0,0,0,0,0,0,0,0,0,0,0,0,0,0,0,0,0,0,0,0,0,0,0,0,0,0,0,0,0,0,0,0,0,0,0,0,0,0,0,0,0,0,0,0,0,0,0,0,0,0,0,54.1957038,0,0,0,40.41606406,0,0,37.59375965,8.48644128,20.40534557,-143.8707081,-101.8282778,-399.2067825,50.04933482,-45.53771685,-3941.805753,-5396.482198,-29.47537046,21.90749674,27.99361505,102.7201687,-40.55216186,12.34158328,28.74253715,-2046.949972,76.61532867,62.08322425,57.94014887,105.9126075,64.11583519,-15.7868776,39.52535513,172.5933642
"1692","300313.SZ","农林牧渔",0,0,0,0,0,0,0,0,0,0,0,0,0,0,0,0,0,0,0,0,0,0,0,0,0,0,0,0,0,0,0,0,0,0,0,0,0,0,0,0,0,0,0,0,0,0,0,0,0,0,0,0,0,0,0,0,0,0,0,0,0,0,0,0,0,0,0,103.7229834,0,0,0,115.4419867,0,0,0,20.43292768,103.3282683,-14.15458333,-44.04128458,-29.39459703,-1980.75686,-26.72068491,-33.76411076,-46.77508432,105.1949252,1.727283757,-16.77982852,-79.26089988,-9408.948927,-398.6086356,-377.6816496,-2355.14419,-135.3750585,-200.7097771,-295.4605919,-286.1533049,69.85187152,100.411713,104.8149236,103.493224
"1875","300498.SZ","农林牧渔",0,0,0,0,0,0,0,0,0,0,0,0,0,0,0,0,0,0,0,0,0,0,0,0,0,0,0,0,0,0,0,0,0,0,0,0,0,0,0,0,0,0,0,0,0,0,0,0,0,0,0,0,0,0,0,108.9604219,0,0,0,135.3361898,0,0,0,-47.5962609,0,0,0,-15.23713401,0,-120.8172176,30.55264943,116.4675104,3262.077199,2606.391257,362.5479016,139.413905,-30.37458927,-57.15791676,-63.35479074,-42.35546782,14.94814346,-176.4735895,-118.8098253,-78.2681353,-244.8474218,33.76914634,472.8808655,372.1584626,147.9330666,412.2680636,267.5998864,121.659701,352.6399228,309.87767,119.4414794,84.40392251,-54.18478148,-76.32451845,-63.63022158,-42.8086975
"1888","300511.SZ","农林牧渔",0,0,0,0,0,0,0,0,0,0,0,0,0,0,0,0,0,0,0,0,0,0,0,0,0,0,0,0,0,0,0,0,0,0,0,0,0,0,0,0,0,0,0,0,0,0,0,0,0,0,0,0,0,0,0,0,0,0,0,0,0,0,0,0,0,0,0,0,0,0,0,0,0,0,0,0,0,0,0,1.805526987,0,0,0,13.36500308,0,0,0,23.20755593,0,0,0,28.76419207,138.0217454,209.3199641,143.5929667,-15.0257993,-7.980304244,212.1344597,159.0887748,14.72700474
"2043","300673.SZ","农林牧渔",0,0,0,0,0,0,0,0,0,0,0,0,0,0,0,0,0,0,0,0,0,0,0,0,0,0,0,0,0,0,0,0,0,0,0,0,0,0,0,0,0,0,0,0,0,0,0,0,0,0,0,0,0,0,0,0,0,0,0,0,0,0,0,0,0,0,0,0,0,0,0,0,0,0,0,0,0,0,0,0,0,0,0,2.73621225,0,0,0,6.225915361,0,72.91918864,0,108.7483913,0,64.72261197,0,38.9076788,7.739550095,24.06075143,18.47608164,32.84066179
"2190","600097.SH","农林牧渔",0,0,0,0,0,0,0,0,0,0,0,31.67780068,0,0,0,29.60895595,0,0,0,31.77365426,0,-54.80796051,0,-84.04633643,0,-429.9759405,0,-729.074136,0,60.12250032,0,65.99658641,0,-36.41708103,0,1096.021059,0,130.4885401,3371.996689,-14.26399815,72.58644843,0.725681443,-7.180366483,-6.161478965,-98.7616663,-29.39287646,-19.49702974,13.319981,5818.808972,49.77343813,24.20342274,14.01996026,655.4761606,3.939953754,9.437234484,3.220424725,-49.71867794,-24.69690914,1.539330774,-51.71098602,-379.2172998,-106.1540934,-104.6094261,78.45645131,-104.0418543,-46.91703724,-49.2148242,-3.128971989,-7.259415744,-48.17970588,-71.12583926,-82.16600641,579.060721,125.8568551,336.1322376,142.3832204,108.7703174,66.99550427,15.26248,95.86259778,109.0072632,-34.0692618,-33.30803992,-19.93520813,-252.624814,-42.03862522,-22.60874233,2.961538217,-153.413323,-320.8778366,-250.9218339,-203.9334387,-39.88245305,-41.10782388,-35.26318031,107.305981,55.26548324,78.18319643,120.31667,1465.328218
"2200","600108.SH","农林牧渔",0,0,0,0,0,0,0,0,0,0,0,29.70400834,0,0,0,16.85170715,0,0,0,58.21751659,0,112.5013237,0,20.04480505,0,-24.52638646,0,86.85023619,0,12.4336478,0,2.382610506,0,32.85772253,0,-12.15790685,0,-21.83146919,-15.96988375,-10.07562629,17.33983465,7.875920964,12.13943704,17.16197347,71.43202435,12.94628373,33.32442507,-46.09171467,-18.0743585,-73.57553856,-81.64546007,-67.15597457,-36.40787682,-25.74272262,-2.996473488,28.89603309,-13.12307851,46.12580044,48.96313179,187.7909004,70.90407761,32.35126454,27.431928,-22.73760242,-26.36550848,-48.13241049,-31.98524784,-9.708375188,17.08192714,-27.22934098,-35.92335001,5.912404762,36.63023997,164.556805,98.04153386,-7.28706427,64.15932144,39.30940068,310.7443771,292.1076675,28.10841501,14.70979918,-21.02415767,-17.07467214,-16.19399711,-14.39218282,-25.86595599,-48.32967972,-45.34854077,-22.70404681,-40.54135628,-41.4644005,-51.70955608,-56.27547638,-47.91828597,-36.09087799,41.05487539,-6.243760728,10.51546255,25.57528599
"2218","600127.SH","农林牧渔",0,0,0,0,0,0,0,0,0,0,0,0,0,0,0,9.977364054,0,0,0,-5.80124773,0,58.6373715,0,28.68357842,0,54.33545526,0,15.3819012,0,-33.06935304,0,8.687735095,0,493.7134385,0,-37.31738025,0,-89.4173797,0,-1007.692631,101.3758683,109.6615823,75.81136826,108.0325586,25.0730629,31.01606953,-72.30006284,-2454.904239,-11.59123724,10.59355114,-136.4279329,102.1710789,-30.25773156,-50.47693904,-47.48873358,-19.87761415,-76.21455584,-35.13961397,-15.6816778,196.7582212,85.70244971,90.46734419,-1723.14683,-1612.970497,-203.2517208,-100.193282,102.5883053,102.6583651,222.4703855,35831.44622,172.5425148,23.02563981,111.7707465,24.56293099,-465.4382644,-1164.147157,-310.4753421,-290.6560093,99.70837282,109.8293965,190.2646343,401.8343499,32149.37761,81.77891392,-46.22364705,-79.87602852,-164.6844611,2.557743516,-20.73801629,-1779.810548,-988.5620207,-1428.905385,221.7841652,112.0961196,113.7839695,105.3815793,-40.10169929,-29.26030852,-36.45241855,11.82429806
"2271","600189.SH","农林牧渔",0,0,0,0,0,0,0,0,0,0,0,0,0,0,0,-5.96940303,0,0,0,12.19250539,0,0,0,14.12312434,0,0,0,16.19311813,0,10.83026051,0,6.724394856,0,2.48484476,0,5.504744252,0,1.63456429,0,-12.46234238,-5.416127276,-9.278428391,2.417848254,-3.748739272,7.556577442,6.791306972,12.42499277,3.72186004,-8.980567502,-0.977086875,-7.687904737,-22.56083631,-30.15454799,-50.61192401,-43.78372057,-22.53453682,-29.15865725,-16.75122665,0.758645676,-21.79970668,-58.18935781,44.24750005,3.477278482,2.573509115,-555.5061987,-189.0538474,-137.9671672,-80.81717292,142.6943767,201.7940711,285.9121711,431.22664,-228.2443552,-0.253178483,-23.26524979,50.80928771,-113.151597,-287.2711934,-371.2617079,-52.53136684,-68.39954018,112.5493378,111.7726691,2.036005774,18.22028339,-190.4131562,-193.2188613,-67.15223139,-73.41039596,-450.1578967,-1335.567591,132.6650419,284.6615751,279.9251199,135.7469889,-90.95857974,-181.7219243,-166.8827832,-363.8920213,-36.84330793
"2273","600191.SH","农林牧渔",0,0,0,0,0,0,0,0,0,0,0,0,0,0,0,48.29495632,0,0,0,56.45071046,0,0,0,-8.46137294,0,25.40051487,0,37.87009606,0,24.87687656,0,34.97071706,0,34.75020445,0,-0.883697615,0,-26.74176578,-0.504924681,8.285059584,16.98114643,16.31247985,3.017182987,7.805155805,14.76135774,18.41412945,14.23393569,-10.19438538,-23.00456231,-22.49032524,-53.76025728,-63.38267245,-17.51979896,-45.70640931,-37.94818192,-20.91293081,-36.97485575,-236.2108797,-313.9028559,84.39303527,-68.15492992,-93.73084407,-0.63231844,-455.0539818,1313.177701,175.535167,229.0344709,135.095319,-77.55708138,-90.68247047,-122.4094921,-242.8904663,200.2661303,1593.419386,325.2454773,151.9876595,-87.34147187,-125.6921474,-233.2939762,-86.2701913,282.3232813,245.6250778,135.1600784,29.77054431,-84.13145304,7.889999251,159.7431209,89.20888337,1949.329418,478.3450984,322.5602413,1047.112991,-95.52582317,-92.12309623,-89.70128579,-93.28738041,334.4219718,13.35766933,114.2853574,20.28791995
"2276","600195.SH","农林牧渔",0,0,0,0,0,0,0,0,0,0,0,0,0,0,0,-11.46184853,0,0,0,103.8574224,0,0,0,-6.542880969,0,0,0,46.48022962,0,-28.32188162,0,10.17831797,0,83.15327917,0,60.3788331,0,8.741486404,0,-76.99323846,0.487904896,-98.27097877,-89.71982875,23.83286027,77.61770572,8312.334673,1006.815946,185.2157308,-26.2732906,-23.6213471,-25.13631137,5.524764683,20.87461508,61.405052,137.8999291,93.59901792,17.23398622,-2.431245257,16.6764446,35.45078968,29.82598492,79.68506339,10.76610009,7.636624401,101.5973482,60.16088808,62.58120753,49.96879372,20.76453667,19.6806994,17.85381666,27.70410369,-1.755490728,-4.425652698,7.848026472,35.19649988,-5.853112266,-14.24069535,-11.26350658,-46.13459604,12.50996116,9.761426684,2.916630231,1.935446989,-18.43274198,-18.28684138,-9.34216495,14.73530415,3.906005513,1.265615058,3.193674132,-0.669281837,-20.44980515,-4.248957044,-3.611495452,28.25834348,-6.732818958,-8.59458596,22.09086245,18.01553919
"2282","600201.SH","农林牧渔",0,0,0,0,0,0,0,0,0,0,0,0,0,0,0,10.40592464,0,0,0,14.67635826,0,0,0,-7.862956912,0,0,0,42.7752,0,-2.445932521,0,-12.13741893,0,-29.83818669,0,-19.98913503,0,88.05982351,0,183.8154713,143.2560517,-19.38795377,8.17943366,5.769980157,54.75510208,59.21233462,50.48933922,2.72944216,-7.913385589,-32.50104825,-36.30944651,-72.89051448,-28.38049634,16.78736559,27.11463182,215.9092246,104.3184682,66.49850069,105.6188675,154.2788878,176.0256519,33.67603685,-0.495140495,-18.56561241,-41.755718,-40.2527765,-36.26853433,-9.542105295,34.9702341,67.49696031,99.9844924,61.44028257,51.81253918,11.88743954,-2.47617153,28.06601291,10.96926861,-0.202823652,13.09667012,-12.50649126,115.0352338,145.5998327,113.5147707,93.74763276,23.98674221,37.2102871,45.37417695,61.38984364,20.57709428,14.60485967,30.01572499,18.8106141,15.00939313,15.57883431,20.18858042,34.53768283,39.01087168,36.54047303,40.83732876,35.07398779
"2303","600226.SH","农林牧渔",0,0,0,0,0,0,0,0,0,0,0,0,0,0,0,0,0,0,0,34.14491853,0,0,0,156.6037464,0,0,0,-2.16002743,0,8.338224762,0,77.51226414,0,102.352702,0,20.95461999,0,-14.88236782,-14.50109079,-23.94868971,-19.31214235,-31.41156135,-23.81517048,-2.073776691,24.47789201,-4.187364912,27.43593993,17.27513992,38.97687397,36.5720643,14.38665915,22.94303142,-11.35532722,1.448238332,-0.59638583,-7.730394304,-19.32381385,-18.92621468,-12.03312519,33.91384279,165.0227259,309.5116211,275.9800734,99.46752004,-15.92619226,-39.54072908,-43.38967225,-20.28832381,-4.616429222,-7.140106456,0.06356586,-8.463582799,27.12423987,15.11179,5.987968086,-24.37387898,-74.04536889,-55.89665637,-54.44151167,-70.98327581,10.57436762,-29.43640872,-27.63260066,-9.430586483,53.57479731,105.6055521,177.2173351,187.2584541,92.51271196,81.10960105,44.40732222,75.01405335,100.16836,66.37492837,92.66364038,73.36608545,33.47471796,27.57639612,-16.91358413,13.86411231
"2326","600251.SH","农林牧渔",0,0,0,0,0,0,0,0,0,0,0,0,0,0,0,0,0,0,0,0,0,0,0,0,0,0,0,0,0,0,0,0,0,0,0,46.51082479,0,0,0,11.90550137,0,8.721758906,95.40673533,56.9058319,248.0838196,24.74235211,-24.19169302,-84.19777651,1040.764195,263.079518,405.4434404,165.6623384,-71.06960961,-48.15519729,-49.67035403,-287.6651725,-79.06233943,-67.00845564,-36.91553947,170.8037713,28.38881683,-34.57105994,126.7513889,50.11289473,19.9888999,-161.2934267,-180.7131683,0.232452345,271.8344676,1515.604786,266.1512357,-90.98144886,1247.492991,598.6299446,857.4032578,4119.25961,11.21259265,1.269628072,1.955189236,68.00350916,0.944527244,25.25194697,8.713774718,20.6791092,34.27973929,10.52449475,-4.931152432,-38.86833942,-30.67574754,-25.09931417,-11.74599357,-15.11530021,-108.4305992,-90.18156632,-87.16081455,-66.58703448,906.4165674,483.9599711,337.5703887,65.76663853
"2330","600257.SH","农林牧渔",0,0,0,0,0,0,0,0,0,0,0,0,0,0,0,0,0,0,0,0,0,0,0,234.6607855,0,0,0,28.8291394,0,12.94675755,0,87.72411565,0,50.64272452,0,-11.18481679,0,0.52067573,0,46.91649988,175.7405811,45.49553845,29.93377799,-29.55257419,35.25982414,45.18168709,42.76043679,95.27149699,-6.379878313,-28.54263453,-25.55008179,-42.07515132,-1.186937751,-16.54685931,-27.70460651,-46.00249355,-24.18665923,18.82216452,38.72226926,26.05518493,-21.63937922,20.01400655,-8.815467335,-1229.526221,35.59775881,15.14138642,84.29778116,115.4276956,48.53015656,21.60694475,-16.18234901,261.6098671,18.75915111,24.46973097,28.43544299,-73.6826132,-3.141099997,-12.9845544,-11.29426587,-8.114790722,32.32413043,1153.453099,1061.665241,807.7965595,-5.664122456,-93.78737087,-98.22307926,-97.81780877,-51.37452548,-33.26247253,60.83232746,-77.60233731,40.82398114,18.95956669,-2.949157038,55.59135618,-31.92888312,-18.02348956,43.96844786,22.85734975
"2336","600265.SH","农林牧渔",0,0,0,0,0,0,0,0,0,0,0,0,0,0,0,0,0,0,0,0,0,0,0,18.85021768,0,0,0,28.20184106,0,0,0,20.57051895,0,-83.84187242,0,245.767435,0,92.46009555,0,34.48712827,-81.34291499,35.01460733,-4.691808125,-54.38698985,-136.654008,-9.868562293,-86.21790301,-56.83375672,1823.301603,-22.22217077,75.61874276,108.4975203,4.499317949,-74.83596369,-17.51689226,-383.4837918,-477.0326539,-1625.186193,-1722.461048,206.2900344,67.97843853,698.22471,437.5725729,-74.45345866,-520.2825551,-125.2902626,-162.1007553,-1214.185186,-18.69177421,-56.10729681,17.15739485,104.811119,102.7290702,79.45884498,12.91979089,-3166.652252,-5978.352678,-998.6660821,-191.662374,22.35336776,23.08669161,38.91581769,22.55225276,112.7858115,39.187139,1.752885286,22.04118083,-437.9603144,-3.20750281,25.96219252,10.95981998,-95.51267508,18.26483502,48.35805978,180.8638649,137.9737945,22.87168618,35.01847439,-158.9499278,-189.0970241
"2345","600275.SH","农林牧渔",0,0,0,0,0,0,0,0,0,0,0,0,0,0,0,0,0,0,0,0,0,0,0,123.8336763,0,0,0,20.64733516,0,0,0,19.26235375,0,-28.86248706,0,-26.86542227,0,-49.0011885,0,18.59563351,-63.13234119,-26.56785857,-82.52754422,-98.48603532,-469.8014058,-390.4834063,-1235.726203,-7308.884703,232.9459571,96.6762891,66.29964798,125.6342011,-154.2612373,-1584.269309,-81.13414052,-676.5965252,21.3196896,14.10580458,-143.7190207,11.18190235,12.0518422,15.30971267,74.9554193,101.52417,23.75824194,-36.91960892,-18.44743654,-6599.723431,2.267606066,9.523048354,-12.13865501,129.9452833,-83.75927511,19.30173244,20.37450141,-224.0751064,37.77910194,402.7765667,265.0944062,117.0294156,-84.54822616,-138.5622295,-177.9995694,-855.515788,36.65913909,30.71419911,25.00402865,114.5998803,38.49757967,-147.3723502,-117.3445532,-728.9711441,-89.76021067,23.53659653,19.52507308,-15.45798691,-30.87251709,-3.617396659,-23.45303961,109.6715945
"2365","600298.SH","农林牧渔",0,0,0,0,0,0,0,0,0,0,0,0,0,0,0,0,0,0,0,0,0,0,0,54.40262211,0,0,0,17.00420315,0,0,0,15.36240271,0,83.92855514,0,28.14676636,0,-43.69244881,0,-40.27020593,47.981698,30.0541879,47.76804441,41.35749909,39.62742022,31.61009409,32.97427075,30.29470176,48.03512864,14.85848856,11.57427014,18.924217,16.6186283,65.36749516,46.83636315,56.7720241,29.11257091,73.08082565,53.55201284,19.74817619,23.54749518,-9.914583506,-2.845557812,17.89604181,36.9352528,82.89979172,111.5017193,109.1363713,68.22869595,29.00986891,16.82386904,12.17370267,20.68823702,7.426579768,8.671608653,-1.924347457,-16.48143002,-6.421973229,-16.35457537,-14.90492998,-22.22720716,-34.15187856,-29.87543256,-35.03735475,-29.80718103,-15.44948054,-11.52629076,-2.859547817,37.47312935,59.20693332,57.09286899,80.24221241,108.7252249,76.17108401,85.29930213,81.2244826,83.14775951,60.01551846,57.52128746,54.55231157
"2379","600313.SH","农林牧渔",0,0,0,0,0,0,0,0,0,0,0,0,0,0,0,0,0,0,0,0,0,0,0,-12.17555934,0,0,0,-28.55055434,0,0,0,-25.97989858,0,-86.06450362,0,-63.52300916,0,-715.7748748,0,-1090.488344,-218.9352754,-61.87649476,-59.83866466,-38.05132503,173.6831662,160.1407401,160.2419547,104.2739832,-69.75029984,-160.5840766,-208.0317855,-369.0413842,-139.2321808,-66.00241991,0.565548889,201.5820227,-1693.901602,-87.8732458,-99.25976492,-509.5381089,98.30671144,71.93138882,67.45760998,59.41248666,-3611.819137,36.44535607,35.53610838,-18.45778751,27.58264083,-120.1430462,419.1499089,322.3070732,131.1470551,113.5486528,-22.67042462,-65.43022983,-41.9736391,337.9366353,-74.32884072,138.5391029,-543.9832563,-141.810458,543.608426,39.9132701,-25.40909814,-115.7882325,-45.60923971,80.97443937,-408.9714014,86.72272013,62.13379752,-11.01476849,111.7047714,1109.827448,22.29116142,-31.77572608,-805.1046684,-400.1821848,-367.9742963,-524.2716941
"2412","600354.SH","农林牧渔",0,0,0,0,0,0,0,0,0,0,0,0,0,0,0,0,0,0,0,0,0,0,0,0,0,0,0,0,0,0,0,0,0,0,0,-4.167752476,0,0,0,46.29061369,0,0,0,-5.907600521,144.3242919,5.330374645,-23.07421791,-2.534392574,-62.33114562,-96.86990483,-843.8033999,-478.1039073,1421.03463,2230.206742,108.6289541,111.3600098,-166.8960719,-343.0034624,-1362.821702,-222.9673958,714.3736263,104.2283051,73.39576825,495.3206956,36.13444836,629.4436413,-8.18234108,114.7064119,52.75986159,454.6750612,216.130355,67.76697966,-39.83073213,-100.8845358,-413.2405755,-42.86862716,-203.6621204,-32793.53291,-234.9574333,-131.9472565,93.85743356,44.34278973,31.07291795,340.3049603,-2251.507227,-69.36399875,-17.70991489,-338.6476474,18.89219575,6.708604938,15.80647084,120.5466556,-20.31834051,-6.099814741,-55.19556682,-673.8679228,485.23671,220.8105446,127.1890343,73.54899714
"2416","600359.SH","农林牧渔",0,0,0,0,0,0,0,0,0,0,0,0,0,0,0,0,0,0,0,16.94238653,0,0,0,30.59252617,0,0,0,-45.50190788,0,17.90447095,0,32.44275291,0,-22.1630632,0,-95.39331158,0,-204.7954674,0,601.9912073,274.754625,183.9961025,176.5906459,154.737945,29.04709862,145.2407946,75.72106452,-43.13248416,-65.69638928,-53.43113683,-46.58137539,48.63539157,-7.00883341,-54.9205317,-37.6250403,-62.1279802,-115.8911855,-223.9990258,-392.1771367,27.53640792,-237.6350617,-343.8300951,-64.81767239,-519.4042599,148.2932428,121.7460989,153.8484814,160.4169081,347.122881,120.9776758,0.320020496,-82.46940812,45.72587155,-673.9474499,-821.7986935,-5294.570076,-254.1976174,38.70632261,75.9266608,104.1944232,104.5707704,96.96832212,76.89746974,-121.439292,-210.229378,-188.1772824,-313.7751506,69.22699698,86.84965656,685.3738521,109.2794618,-186.9089497,-5809.77203,-261.078664,-2789.36088,-1183.168031,112.5616045,146.8703258,105.9674464,108.5592829
"2427","600371.SH","农林牧渔",0,0,0,0,0,0,0,0,0,0,0,0,0,0,0,0,0,0,0,0,0,0,0,0,0,0,0,0,0,0,0,26.1477002,0,0,0,9.57342876,0,0,0,1.82875078,0,92.59421959,87.35028714,126.3984175,-25.02130333,5.799346129,-21.14958967,-67.7726328,-42.22981592,-41.48146375,-34.36937463,14.63097064,31.90113747,52.98892678,89.99593737,109.9590966,21.18614778,64.95690431,56.96160415,51.20815974,0.847147913,-30.48784258,-44.495186,-14.1204712,11.30504109,41.25976246,27.57038226,29.69444272,2.976444355,3.946179171,-2.111819978,-0.253203941,1.939001386,36.09289089,141.7409542,86.13309183,7.337553821,-9.800718127,0.389673482,2.738775891,-2.778054954,-74.89561525,-97.66144172,-142.8444729,-168.9277393,-287.3852426,-1822.062164,106.8265363,170.151403,160.5831017,131.224908,137.6915234,59.31546429,179.4795386,269.1392177,806.1337659,8.111518053,-8.731210311,12.60795321,10.47706278
"2476","600438.SH","农林牧渔",0,0,0,0,0,0,0,0,0,0,0,0,0,0,0,0,0,0,0,0,0,0,0,0,0,0,0,0,0,0,0,0,0,0,0,105.4899001,0,0,0,-0.362354957,0,0,0,-15.34750479,28.09196873,129.8804346,74.42708604,63.88471001,118.0358709,221.1940564,87.81482786,72.89419817,22.17753956,24.95231856,27.74853105,36.97949655,6.960727849,35.89486345,20.76900812,-12.58604766,311.8929683,2.19635359,-12.33406104,-37.04690088,-194.1576999,-19.53374378,-1.34156489,-2.446679637,-361.232949,-86.14991338,5.016243878,0.769157381,-38.40905973,-80.15120291,-50.81274321,-50.9790745,-17.68689125,528.489153,32.61821755,19.28710672,12.56688428,141.8112956,109.0006464,250.3820254,44.63490534,169.4162032,15.36627932,14.59727325,7.500613032,12.70452403,7.852453472,1.27730482,73.29987602,210.9450538,47.83378496,26.68394378,110.1193638,61.85694716,73.34964079,99.46624047
"2492","600467.SH","农林牧渔",0,0,0,0,0,0,0,0,0,0,0,0,0,0,0,0,0,0,0,0,0,0,0,0,0,0,0,0,0,0,0,0,0,0,0,0,0,0,0,8.050036765,0,0,0,8.539582612,15.7462559,18.10635642,37.55943458,42.63301298,53.13102077,7.783138869,16.20011785,25.66039778,14.14289295,102.4629516,72.61611913,15.19461219,112.1275904,67.89537188,52.2724929,110.8005246,21.39905238,10.73639157,1.761764752,-39.83172774,-35.99566218,-41.68959992,-45.56646619,-39.39881157,19.97394088,7.597850855,8.035078359,93.99606246,0.92216968,32.65856019,36.7900202,42.08566467,1.329735378,23.12542326,17.98296298,2.202905314,-1.936738395,-42.81340494,-51.95442102,-51.27619029,-59.38071663,-69.11702911,-68.26861794,-86.23355825,-30.18626612,72.393388,62.41293074,117.4223395,12.83037178,17.52149603,22.75116986,44.55201796,29.16446061,17.03402338,18.46116716,18.32442614
"2523","600506.SH","农林牧渔",0,0,0,0,0,0,0,0,0,0,0,0,0,0,0,0,0,0,0,0,0,0,0,0,0,0,0,126.5755776,0,0,0,82.62732346,0,0,0,8.670203441,0,0,0,4.045835212,19.15613408,-24.88930796,-30.78953825,-47.67952769,7.792899524,40.98492131,-39.28471419,-77.98375706,-247.6369105,-302.0134537,-444.2655664,-1921.564268,15.8719626,35.36261511,39.16400831,99.09361867,15.19524489,28.08886212,21.07588827,-5206.998763,210.0169936,108.8263322,-333.4611245,-271.3542574,-179.2716196,-1364.801398,72.20525574,126.6206518,41.40144643,43.50442017,58.10891172,-90.17261856,6.530458817,-22.05215992,-55.0241596,63.05391308,251.9221746,107.4998913,108.8230692,-223.3018658,54.07013587,243.8507928,-37.53516187,165.2277323,-132.9253288,-675.0823947,-1835.059109,-499.1315924,-23.64068384,75.07034693,43.20960489,138.1481901,33.58604029,-105.096233,-8.100106443,-193.9804512,108.2840943,96.43576139,96.81324602,186.772985
"2554","600540.SH","农林牧渔",0,0,0,0,0,0,0,0,0,0,0,0,0,0,0,0,0,0,0,0,0,0,0,0,0,0,0,0,0,0,0,0,0,0,0,-11.86648005,0,0,0,-3.261128801,0,0,0,0.133928178,51.4292859,26.49841814,13.52252695,-71.21979678,-25.28578284,65.95541151,74.69780779,84.71852675,48.55764673,-13.55916036,-28.8516084,-37.29191079,20.63993512,111.2446497,157.0541855,48.15155964,5.825373842,-33.780756,-33.10016995,-22.04727788,-99.88282303,-73.6434181,-58.35021847,7.940295577,11716.7638,-418.8622616,-425.975709,165.5556264,54.26452466,-171.7875415,-245.0431895,-762.9526588,-1040.07228,-14.60707931,7.433863757,104.4746278,119.8718386,109.8016833,101.2953492,-452.9287793,-77.3887453,26.41139988,6.192770914,76.28332002,-702.8307013,-448.5882497,-3155.583799,-1360.022128,27.15958789,51.307778,71.52911741,-366.3557596,189.2763288,216.758913,257.2298497,103.3951754
"2604","600598.SH","农林牧渔",0,0,0,0,0,0,0,0,0,0,0,0,0,0,0,0,0,0,0,0,0,0,0,0,0,0,0,-31.16137192,0,0,0,-7.31988567,0,0,0,15.83517083,0,3.877289037,5.35485942,4.489418517,-3.089779965,0.206485343,0.670413845,0.733914157,21.90096097,16.66750605,13.26334458,16.72382838,6.460871371,10.13924677,10.42257967,10.20827724,8.111041375,4.561313112,8.922167134,7.053005695,8.213657951,5.504583087,4.182356173,2.537168118,9.565634599,4.330783378,3.642784828,1.902553474,-11.32467002,-2.668578841,-10.14079463,-41.05712456,-25.13710223,-22.95489684,-31.40876915,6.881253026,14.69584571,10.1793833,2.785843044,21.49679144,8.156954908,10.9528423,6.336069122,-175.178475,6.62266133,-104.2977617,-94.34075823,-60.33544924,506.2659899,8558.837114,7030.348819,241.5448912,-81.40206102,-37.99747063,-30.0228755,-13.94301088,-45.42825792,-2.332943165,-4.527399861,14.7578673,189.6311135,-11.46369646,-4.038276866,6.855178435
"2730","600737.SH","农林牧渔",0,0,0,0,0,0,0,95.79806906,0,0,0,-2.450031273,0,0,0,48.28024122,0,72.30573188,0,44.38781596,0,4.749225223,0,96.90041399,0,22.60658076,0,4.051579641,0,50.26399492,0,3.371345227,0,-12.8843517,0,0.969351615,0,52.94458875,0,57.2535871,-0.26655384,-71.36769218,-54.21310152,-25.82843104,-105.1418547,-3923.16681,-1234.211972,-711.7836742,-33.05035598,18.19208642,16.51097672,-8.342294161,181.3305959,109.7473069,114.4806596,121.5431807,40.95527087,70.93154794,107.6101236,58.79193695,75.69822046,25.13746631,-2.564989894,33.55129061,-53.46051089,44.11593276,48.70854759,-11.57689362,44.22867589,-50.86433804,-30.22900185,-120.3203939,-378.0451945,-168.1566226,-129.8654804,138.3445964,7.619495357,-174.0665282,-301.643539,-3016.808063,119.8670311,282.7241568,373.5745027,116.4560263,-199.1442144,-93.27461026,-68.64192718,-61.23696447,-171.005633,-884.8770818,107.1071753,158.6830459,81.13525522,452.7626142,367.8970117,645.652872,966.6957357,228.7561407,40.50808036,47.71185025
"2853","600873.SH","农林牧渔",0,0,0,0,0,0,0,91.49005426,0,0,0,145.8145714,0,8.038923499,0,3.924257072,0,-66.63213804,0,-89.22774641,0,-46.64964948,0,-57.06109434,0,-168.0646867,0,-1649.964029,0,315.495074,0,110.7000295,0,-25.72562954,0,-781.5995969,0,-685.8241797,0,47.89716407,78.57537137,32.14569993,-6.824725556,-54.71373345,314.3702313,190.1414082,197.3974159,144.5178752,-41.30556448,-39.69103667,-45.38375436,-15.22472341,25.2670692,-6.933163402,38.39833617,33.47452651,11.78729059,14.05490025,7.505395533,9.294350794,-3.631502716,-14.5308316,8.00670671,-16.77942398,-64.3893621,34.03932012,14.39507049,42.33439253,364.6721137,27.13174501,41.3405463,26.996978,-1.569013659,-0.551926835,4.213033846,-8.92403964,-25.91295295,-28.32637777,-20.99285575,-15.52039906,-3.323827974,-21.7499122,-30.57127466,-33.58404457,-48.41239568,-39.86240993,-1.301338381,25.42614389,149.5158339,163.8111033,47.57227954,-12.00670514,20.4916752,18.57863187,69.746433,139.5187062,54.4403356,52.7396098,4.678794238,12.07565271
"2894","600962.SH","农林牧渔",0,0,0,0,0,0,0,0,0,0,0,0,0,0,0,0,0,0,0,0,0,0,0,0,0,0,0,0,0,0,0,0,0,0,0,0,0,0,0,-18.1340461,0,0,0,-1.861629304,0,11.48538916,60.72433286,-9.6082558,26.81138705,99.35961292,181.9479933,65.37288105,72.3406891,0.91030565,3.725655331,0.153374088,0.561684809,146.0488799,67.81416991,99.98922569,58.70890447,-11.61518802,-9.829190758,-32.43016638,-131.1780907,-93.36218076,-102.5411198,-96.36884657,-166.8288821,-776.9717995,-2573.633758,-2292.81206,191.7352898,253.7469165,282.0989243,235.3610847,54.36030522,-8.133365404,-36.46671875,-30.14501233,-50.77899929,-197.9032087,-235.1760924,-296.2720554,-220.6566091,24.44720607,25.2663093,-29.60125488,33.02320661,65.47059337,97.29877268,137.1759786,243.5519745,206.62169,227.5704268,-81.12599867,-18.53124229,-44.6627328,-18.5193223,35.42967178
"2896","600965.SH","农林牧渔",0,0,0,0,0,0,0,0,0,0,0,0,0,0,0,0,0,0,0,0,0,0,0,0,0,0,0,0,0,0,0,0,0,0,0,0,0,0,0,4.524683392,0,0,0,0.173628498,0,5.791035184,1.898635834,-15.05719447,-16.96384856,-68.59349356,-59.17213145,-67.31339948,-45.01811442,57.52485941,24.95581008,76.05251538,-38.50867446,-26.77785052,13.21944487,8.700291863,127.496311,114.5159673,13.69075461,-0.202958913,-143.9295738,-144.2416313,-110.3046462,-74.92142511,95.21482616,4.368621026,22.25736393,-786.8452032,1680.492898,238.9577611,945.9112601,144.0897378,91.22424515,-9.187642007,38.86387771,295.0903673,532.3174856,394.7893933,160.2381544,55.74878247,-40.43508936,-43.57702776,-32.09539065,-21.33874667,21.27943866,59.61709272,64.29581772,26.21553674,1.564700491,-4.004021456,8.571058343,10.85100499,-39.25711347,-22.85920565,-18.99646062,-15.11755535
"2903","600975.SH","农林牧渔",0,0,0,0,0,0,0,0,0,0,0,0,0,0,0,0,0,0,0,0,0,0,0,0,0,0,0,0,0,0,0,0,0,0,0,0,0,0,0,32.76626307,0,0,0,5.019698476,0,-17.38842543,-12.61154425,-26.78292228,22.16640752,5.7504083,-2.299002204,1.093327945,57.12857829,-5.846690384,-10.12181169,-6.908363759,-68.1028618,-71.14456118,-26.3437906,-23.6891221,69.40050093,8.419690352,-74.96146721,-53.91222086,13.8248955,14.21038618,243.6816431,146.5217787,-13.88096096,67.02578809,-69.29117106,-14.06071279,13.30352259,61.66926868,792.0013024,284.9389349,230.0606443,-0.325282386,-48.43611692,-73.21105561,-66.69199007,-92.39885595,-76.75807588,-49.0858925,-720.1807724,-3725.808531,-1188.411287,-799.6894772,-14.73167907,12.68220215,75.22065932,108.499218,273.0142239,437.5751725,1699.381021,2867.861454,-38.62549049,-71.43494184,-74.66147788,-78.43107365
"2962","601118.SH","农林牧渔",0,0,0,0,0,0,0,0,0,0,0,0,0,0,0,0,0,0,0,0,0,0,0,0,0,0,0,0,0,0,0,0,0,0,0,0,0,0,0,0,0,0,0,0,0,0,0,-17.23329795,0,0,0,-71.43786152,0,0,0,259.8180024,0,-10.82766838,0,49.91271258,0,0,0,-42.11054436,0,0,0,-16.32803525,0,254.0971884,276.7589377,103.9852587,134.9019705,53.42951921,82.2209304,32.35598237,-45.97777476,-65.85781018,-67.95601751,-60.04571084,-46.79625005,-2.217478652,-28.35554534,-46.94366476,-85.68272576,-95.88657358,-93.5778833,-82.20326181,-1499.431057,-5415.322505,-4661.357494,-3512.581547,20.14821619,30.15503857,42.76580686,106.5314424,115.7520318,37.95693427,102.2501298,-530.2585763
"3089","601952.SH","农林牧渔",0,0,0,0,0,0,0,0,0,0,0,0,0,0,0,0,0,0,0,0,0,0,0,0,0,0,0,0,0,0,0,0,0,0,0,0,0,0,0,0,0,0,0,0,0,0,0,0,0,0,0,0,0,0,0,0,0,0,0,0,0,0,0,0,0,0,0,0,0,0,0,0,0,0,0,0,0,0,0,0,0,0,0,3.907328981,0,0,0,16.22349832,0,0,0,-0.227820353,0,0,0,3.654272729,22.56858865,15.485087,14.02558735,10.3726307
"3273","603336.SH","农林牧渔",0,0,0,0,0,0,0,0,0,0,0,0,0,0,0,0,0,0,0,0,0,0,0,0,0,0,0,0,0,0,0,0,0,0,0,0,0,0,0,0,0,0,0,0,0,0,0,0,0,0,0,0,0,0,0,0,0,0,0,0,0,0,0,0,0,0,0,0,0,0,0,0,0,0,0,0,0,0,0,7.46076565,0,0,0,-17.33955902,0,0,0,13.96573415,0,0,0,35.24033052,0,0,2.608483799,-3.09153317,29.9946031,23.81463493,15.21297756,4.466841941
"3285","603363.SH","农林牧渔",0,0,0,0,0,0,0,0,0,0,0,0,0,0,0,0,0,0,0,0,0,0,0,0,0,0,0,0,0,0,0,0,0,0,0,0,0,0,0,0,0,0,0,0,0,0,0,0,0,0,0,0,0,0,0,0,0,0,0,0,0,0,0,0,0,0,0,0,0,0,0,0,0,0,0,0,0,0,0,0,0,0,0,0,0,0,0,66.62045661,0,0,0,-1.354978627,0,0,0,180.0510986,0,0,31.68419388,12.66888741
"3339","603566.SH","农林牧渔",0,0,0,0,0,0,0,0,0,0,0,0,0,0,0,0,0,0,0,0,0,0,0,0,0,0,0,0,0,0,0,0,0,0,0,0,0,0,0,0,0,0,0,0,0,0,0,0,0,0,0,0,0,0,0,0,0,0,0,0,0,0,0,0,0,0,0,0,0,0,0,-9.452886394,0,0,0,37.36784522,0,0,0,11.99221517,0,0,0,26.04226313,0,0,0,-13.87994056,0,33.34117538,11.33964861,1.05893617,-6.406548636,27.68478255,33.30789252,32.63672229,-23.72228491,-31.32573321,-40.83365132,-39.26353064
"3366","603609.SH","农林牧渔",0,0,0,0,0,0,0,0,0,0,0,0,0,0,0,0,0,0,0,0,0,0,0,0,0,0,0,0,0,0,0,0,0,0,0,0,0,0,0,0,0,0,0,0,0,0,0,0,0,0,0,0,0,0,0,0,0,0,0,0,0,0,0,0,0,0,0,0,0,0,0,-15.49509224,0,0,0,44.35707239,0,0,0,-13.23404259,0,0,0,-27.90409444,0,-1.641845271,63.53508486,39.25484156,132.4941922,30.84151306,19.45803578,25.89875784,45.51370151,69.21360614,57.17466753,42.8365097,-1.242942735,-48.69209404,-15.28350305,8.030661886
"3395","603668.SH","农林牧渔",0,0,0,0,0,0,0,0,0,0,0,0,0,0,0,0,0,0,0,0,0,0,0,0,0,0,0,0,0,0,0,0,0,0,0,0,0,0,0,0,0,0,0,0,0,0,0,0,0,0,0,0,0,0,0,0,0,0,0,0,0,0,0,0,0,0,0,0,0,0,0,0,0,0,0,0,0,0,0,73.95220845,0,0,0,2.156742825,0,0,0,25.66802363,0,0,0,11.08030841,0,0,38.11796435,21.57207157,25.10610107,30.72374436,11.09945617,13.06915232
"3423","603718.SH","农林牧渔",0,0,0,0,0,0,0,0,0,0,0,0,0,0,0,0,0,0,0,0,0,0,0,0,0,0,0,0,0,0,0,0,0,0,0,0,0,0,0,0,0,0,0,0,0,0,0,0,0,0,0,0,0,0,0,0,0,0,0,0,0,0,0,0,0,0,0,0,0,0,0,0,0,0,0,0,0,0,0,4.914899416,0,0,0,5.221594088,0,0,0,-15.69561372,-10.97276758,-2.723294521,-13.52712266,-8.51583778,-6.328519582,-8.569144732,-11.6127676,-23.30779726,-31.23133247,-2.354452424,18.16520966,36.04620671
