证券代码,证券简称,债务主体,省份,是否上市公司,"大股东持股比例
[日期] 最新
[大股东排名] 第1名
[单位] %",担保人,偿还方式,发行起始日期,发行截止日期,"月前收盘价
[交易日期] 最新收盘日
[债券价格类型] 全价
[单位] 元","月前收盘价
[交易日期] 前一交易日
[债券价格类型] 全价
[单位] 元","月前收盘价
[交易日期] 1周前
[债券价格类型] 全价
[单位] 元","月前收盘价
[交易日期] 1月前
[债券价格类型] 全价
[单位] 元","月前收盘价
[交易日期] 3月前
[债券价格类型] 全价
[单位] 元","月前收盘价
[交易日期] 6月前
[债券价格类型] 全价
[单位] 元","月前收盘价
[交易日期] 1年前
[债券价格类型] 全价
[单位] 元↓",发行时债项评级,发行时主体评级,"公司属性
[交易日期] 最新收盘日",最新债项评级,最新债项评级日期,最新债项评级变动方向,"流动比率
[报告期] 2014一季","流动比率
[报告期] 2014中报","流动比率
[报告期] 2014三季","流动比率
[报告期] 2014年报","流动比率
[报告期] 2015一季","流动比率
[报告期] 2015中报","流动比率
[报告期] 2015三季","流动比率
[报告期] 2015年报","流动比率
[报告期] 2016一季","流动比率
[报告期] 2016中报","流动比率
[报告期] 2016三季","流动比率
[报告期] 2016年报","流动比率
[报告期] 2017一季","流动比率
[报告期] 2017中报","流动比率
[报告期] 2017三季","流动比率
[报告期] 2017年报","流动比率
[报告期] 2018一季","流动比率
[报告期] 2018中报","速动比率
[报告期] 2014一季","速动比率
[报告期] 2014中报","速动比率
[报告期] 2014三季","速动比率
[报告期] 2014年报","速动比率
[报告期] 2015一季","速动比率
[报告期] 2015中报","速动比率
[报告期] 2015三季","速动比率
[报告期] 2015年报","速动比率
[报告期] 2016一季","速动比率
[报告期] 2016中报","速动比率
[报告期] 2016三季","速动比率
[报告期] 2016年报","速动比率
[报告期] 2017一季","速动比率
[报告期] 2017中报","速动比率
[报告期] 2017三季","速动比率
[报告期] 2017年报","速动比率
[报告期] 2018一季","速动比率
[报告期] 2018中报","现金比率
[报告期] 2014一季","现金比率
[报告期] 2014中报","现金比率
[报告期] 2014三季","现金比率
[报告期] 2014年报","现金比率
[报告期] 2015一季","现金比率
[报告期] 2015中报","现金比率
[报告期] 2015三季","现金比率
[报告期] 2015年报","现金比率
[报告期] 2016一季","现金比率
[报告期] 2016中报","现金比率
[报告期] 2016三季","现金比率
[报告期] 2016年报","现金比率
[报告期] 2017一季","现金比率
[报告期] 2017中报","现金比率
[报告期] 2017三季","现金比率
[报告期] 2017年报","现金比率
[报告期] 2018一季","现金比率
[报告期] 2018中报","净资产负债率
[报告期] 2014一季","净资产负债率
[报告期] 2014中报","净资产负债率
[报告期] 2014三季","净资产负债率
[报告期] 2014年报","净资产负债率
[报告期] 2015一季","净资产负债率
[报告期] 2015中报","净资产负债率
[报告期] 2015三季","净资产负债率
[报告期] 2015年报","净资产负债率
[报告期] 2016一季","净资产负债率
[报告期] 2016中报","净资产负债率
[报告期] 2016三季","净资产负债率
[报告期] 2016年报","净资产负债率
[报告期] 2017一季","净资产负债率
[报告期] 2017中报","净资产负债率
[报告期] 2017三季","净资产负债率
[报告期] 2017年报","净资产负债率
[报告期] 2018一季","净资产负债率
[报告期] 2018中报","长期负债占比
[报告期] 2014一季
[单位] %","长期负债占比
[报告期] 2014中报
[单位] %","长期负债占比
[报告期] 2014三季
[单位] %","长期负债占比
[报告期] 2014年报
[单位] %","长期负债占比
[报告期] 2015一季
[单位] %","长期负债占比
[报告期] 2015中报
[单位] %","长期负债占比
[报告期] 2015三季
[单位] %","长期负债占比
[报告期] 2015年报
[单位] %","长期负债占比
[报告期] 2016一季
[单位] %","长期负债占比
[报告期] 2016中报
[单位] %","长期负债占比
[报告期] 2016三季
[单位] %","长期负债占比
[报告期] 2016年报
[单位] %","长期负债占比
[报告期] 2017一季
[单位] %","长期负债占比
[报告期] 2017中报
[单位] %","长期负债占比
[报告期] 2017三季
[单位] %","长期负债占比
[报告期] 2017年报
[单位] %","长期负债占比
[报告期] 2018一季
[单位] %","长期负债占比
[报告期] 2018中报
[单位] %","全部债务/EBITDA
[报告期] 2014一季
[单位] 倍","全部债务/EBITDA
[报告期] 2014中报
[单位] 倍","全部债务/EBITDA
[报告期] 2014三季
[单位] 倍","全部债务/EBITDA
[报告期] 2014年报
[单位] 倍","全部债务/EBITDA
[报告期] 2015一季
[单位] 倍","全部债务/EBITDA
[报告期] 2015中报
[单位] 倍","全部债务/EBITDA
[报告期] 2015三季
[单位] 倍","全部债务/EBITDA
[报告期] 2015年报
[单位] 倍","全部债务/EBITDA
[报告期] 2016一季
[单位] 倍","全部债务/EBITDA
[报告期] 2016中报
[单位] 倍","全部债务/EBITDA
[报告期] 2016三季
[单位] 倍","全部债务/EBITDA
[报告期] 2016年报
[单位] 倍","全部债务/EBITDA
[报告期] 2017一季
[单位] 倍","全部债务/EBITDA
[报告期] 2017中报
[单位] 倍","全部债务/EBITDA
[报告期] 2017三季
[单位] 倍","全部债务/EBITDA
[报告期] 2017年报
[单位] 倍","全部债务/EBITDA
[报告期] 2018一季
[单位] 倍","全部债务/EBITDA
[报告期] 2018中报
[单位] 倍"
125359.SH,14吉粮债,吉林粮食集团收储经销有限公司,吉林省,否,100.0000,吉林粮食集团有限公司,到期偿付,2014-07-31,2014-07-31,109.6370,109.6370,110.4425,110.4425,110.4425,110.4425,110.4425,-,,地方国有企业,,,,,1.1011,,,,,,,,,,,,,,,,,,1.0458,,,,,,,,,,,,,,,,,,0.0216,,,,,,,,,,,,,,,,,,9.7477,,,,,,,,,,,,,,,,,,0.0000,,,,,,,,,,,,,,,,,,,,,,,,,,,,,,,,,,
125114.SH,12蒙恒达,内蒙古恒达公路发展有限公司,内蒙古自治区,否,,"鄂尔多斯市东胜城市建设开发投资集团有限责任公司,内蒙古新大地建设集团股份有限公司",到期偿付,2013-04-18,2013-04-18,109.7249,109.7249,110.1441,110.1441,110.1441,110.1441,110.1441,-,,民营企业,,,,,,,,,,,,,,,,,,,,,,,,,,,,,,,,,,,,,,,,,,,,,,,,,,,,,,,,,,,,,,,,,,,,,,,,,,,,,,,,,,,,,,,,,,,,,,,,,,,,,,,,,,,,,,,
118028.SZ,12蒙农科,内蒙古奈伦农业科技股份有限公司,内蒙古自治区,否,,,到期偿付,2012-11-09,2012-11-09,109.7050,109.7050,109.8958,109.8958,109.8958,109.8958,109.8958,-,,民营企业,,,,,,,,,,,,,,,,,,,,,,,,,,,,,,,,,,,,,,,,,,,,,,,,,,,,,,,,,,,,,,,,,,,,,,,,,,,,,,,,,,,,,,,,,,,,,,,,,,,,,,,,,,,,,,,
125129.SH,12沪机电,上海市建设机电安装有限公司,上海,否,90.0000,上海扬子江建设(集团)有限公司,到期偿付,2013-06-18,2013-06-18,109.0055,109.0055,109.4740,109.4740,109.4740,109.4740,109.4740,-,A,民营企业,,,,,,,,,,,,,,,,,,,,,,,,,,,,,,,,,,,,,,,,,,,,,,,,,,,,,,,,,,,,,,,,,,,,,,,,,,,,,,,,,,,,,,,,,,,,,,,,,,,,,,,,,,,,,,,
118067.SZ,12蓝博01,安徽蓝博旺机械集团,安徽省,否,,中海信达担保有限公司,到期偿付,2013-02-04,2013-02-04,108.6990,108.6990,108.6990,108.6990,108.6990,108.6990,108.6990,-,,民营企业,,,,,,,,,,,,,,,,,,,,,,,,,,,,,,,,,,,,,,,,,,,,,,,,,,,,,,,,,,,,,,,,,,,,,,,,,,,,,,,,,,,,,,,,,,,,,,,,,,,,,,,,,,,,,,,
031390023.IB,13庆华PPN001,青海庆华矿冶煤化集团有限公司,青海省,否,100.0000,,到期偿付,2013-01-28,2013-01-28,107.6405,107.6405,108.2773,108.2773,108.2773,108.2773,108.2773,-,AA-,民营企业,,,,,,,,,,,,,,,,,,,,,,,,,,,,,,,,,,,,,,,,,,,,,,,,,,,,,,,,,,,,,,,,,,,,,,,,,,,,,,,,,,,,,,,,,,,,,,,,,,,,,,,,,,,,,,,
031490575.IB,14云峰PPN002,上海云峰(集团)有限公司,上海,否,20.5000,,到期偿付,2014-06-26,2014-06-26,106.9452,106.9452,107.4795,107.4795,107.4795,107.4795,107.4795,-,AA-,地方国有企业,,,,1.0975,1.1087,1.1996,,,1.3973,,,,,,,,,,,,,0.7652,0.8054,0.8501,,,0.9258,,,,,,,,,,,,,0.2393,0.2773,0.2706,,,0.2772,,,,,,,,,,,,,7.5868,8.7292,7.9702,,,7.3846,,,,,,,,,,,,,15.5770,18.3480,26.0450,,,40.8806,,,,,,,,,,,,,,,,,,,,,,,,,,,,,,
031390044.IB,13桂有色PPN001,广西有色金属集团有限公司,广西壮族自治区,否,100.0000,,到期偿付,2013-02-26,2013-02-26,105.2471,105.2471,105.6844,105.6844,105.6844,105.6844,105.6844,-,AA,地方国有企业,,,,0.8193,0.7890,0.8274,0.6561,0.6451,,,,,,,,,,,,,,0.6069,0.6119,0.6426,0.4986,0.5001,,,,,,,,,,,,,,0.1670,0.1725,0.2325,0.1572,0.1390,,,,,,,,,,,,,,32.9712,54.1750,32.7298,-174.4388,-50.2382,,,,,,,,,,,,,,22.6253,21.8016,21.2134,15.3559,15.5242,,,,,,,,,,,,,,,,,46.1206,,,,,,,,,,,,,,
125089.SH,12中成债,中成新星油田工程技术服务股份有限公司,北京,否,21.0600,中海信达担保有限公司,到期偿付,2013-03-22,2013-03-25,104.3836,104.3836,104.8767,104.8767,104.8767,104.8767,104.8767,-,,民营企业,,,,,2.3800,,2.3842,,1.9886,,,,,,,,,,,,,,2.2647,,2.2601,,1.8985,,,,,,,,,,,,,,0.0873,,0.0684,,0.0516,,,,,,,,,,,,,,0.7689,,0.7399,,0.8186,,,,,,,,,,,,,,39.6307,,38.4732,,25.3654,,,,,,,,,,,,,,8.8676,,4.0703,,2.1394,,,,,,,,,,,,
125338.SH,14中恒02,中恒通(福建)机械制造有限公司,福建省,否,91.0000,中元国信信用融资担保有限公司,到期偿付,2014-07-23,2014-07-23,104.1384,104.1384,104.6849,104.6849,104.6849,104.6849,104.6849,-,,民营企业,,,,,,,,,,,,,,,,,,,,,,,,,,,,,,,,,,,,,,,,,,,,,,,,,,,,,,,,,,,,,,,,,,,,,,,,,,,,,,,,,,,,,,,,,,,,,,,,,,,,,,,,,,,,,,,
125065.SH,12津天联,天津市天联滨海复合材料有限公司,天津,否,60.0000,天津海泰投资担保有限责任公司,到期偿付,2013-01-29,2013-01-29,103.8466,103.8466,104.5123,104.5123,104.5123,104.5123,104.5123,-,,民营企业,,,,,,,,,,,,,,,,,,,,,,,,,,,,,,,,,,,,,,,,,,,,,,,,,,,,,,,,,,,,,,,,,,,,,,,,,,,,,,,,,,,,,,,,,,,,,,,,,,,,,,,,,,,,,,,
031491041.IB,14中城建PPN003,中国城市建设控股集团有限公司,北京,否,51.0000,,到期偿付,2014-11-25,2014-11-25,105.2011,105.2011,105.5693,105.5693,105.5693,105.5693,104.2652,-,AA+,民营企业,,,,1.2219,1.2072,1.2227,1.3512,1.4416,1.4127,1.5341,1.4020,1.6949,2.0672,1.9295,,,,,,,,1.0214,0.9314,0.9399,0.9578,0.9703,0.9573,0.9988,0.9982,1.2608,1.4539,1.2211,,,,,,,,0.2202,0.2305,0.2089,0.1637,0.2098,0.1662,0.2072,0.1777,0.1771,0.1404,0.0833,,,,,,,,3.4524,3.7225,3.7775,13.2453,14.2608,13.9020,14.8916,6.7459,7.4507,6.3923,5.7377,,,,,,,,23.5972,21.5583,25.3419,29.7286,34.8989,32.0726,36.1293,31.1931,39.5995,48.7631,47.5204,,,,,,,,,,,11.6662,,,,12.0167,,,,,,,,,,
118065.SZ,12致富债,宿迁市致富皮业有限公司,江苏省,否,,中海信达担保有限公司,到期偿付,2013-02-05,2013-02-05,103.8780,103.8780,103.8780,103.8780,103.8780,103.8780,103.8780,-,,民营企业,,,,,,,,,,,,,,,,,,,,,,,,,,,,,,,,,,,,,,,,,,,,,,,,,,,,,,,,,,,,,,,,,,,,,,,,,,,,,,,,,,,,,,,,,,,,,,,,,,,,,,,,,,,,,,,
118092.SZ,12泰亨债,天津市泰亨气体有限公司,天津,否,,天津海泰投资担保有限责任公司,到期偿付,2013-05-10,2013-05-10,103.7220,103.7220,103.7480,103.7480,103.7480,103.7480,103.7480,-,,民营企业,,,,,,,,,,,,,,,,,,,,,,,,,,,,,,,,,,,,,,,,,,,,,,,,,,,,,,,,,,,,,,,,,,,,,,,,,,,,,,,,,,,,,,,,,,,,,,,,,,,,,,,,,,,,,,,
011599179.IB,15山水SCP001,山东山水水泥集团有限公司,山东省,否,100.0000,,到期偿付,2015-04-14,2015-04-14,102.8444,102.8444,103.0314,103.0314,103.0314,103.0314,103.0314,-,AA+,外商独资企业,,,,0.8912,1.0176,0.8170,0.7868,0.6726,0.7390,0.5829,,,,,,,,,,,,0.6510,0.8044,0.6440,0.5643,0.4937,0.5953,0.4618,,,,,,,,,,,,0.2841,0.3881,0.2676,0.1744,0.1941,0.1562,0.0848,,,,,,,,,,,,1.7585,1.7389,1.6475,1.5343,1.7221,1.5903,1.7114,,,,,,,,,,,,52.0043,54.9895,44.2922,49.8438,38.3767,37.5146,33.1061,,,,,,,,,,,,,,,,,,,,,,,,,,,,,
118288.SZ,14信通债,莱芜信通印刷设备有限公司,山东省,否,,济南润福德经贸有限公司,到期偿付,2014-11-03,2014-11-04,100.0000,100.0000,103.0301,103.0301,103.0301,103.0301,103.0301,-,,民营企业,,,,,1.8041,,,,,,,,,,,,,,,,,,1.4593,,,,,,,,,,,,,,,,,,0.5136,,,,,,,,,,,,,,,,,,0.7109,,,,,,,,,,,,,,,,,,0.0000,,,,,,,,,,,,,,,,,,,,,,,,,,,,,,,,,,
125877.SH,15城六局,中城投集团第六工程局有限公司,安徽省,否,82.1600,,到期偿付,2015-08-11,2015-08-13,106.7890,106.7890,106.7890,106.7890,105.6192,103.8548,100.3836,-,,中央国有企业,,,,,,,1.4896,1.4330,,,1.8286,,,,1.7034,,,,1.7238,,,,,,1.0498,1.0843,,,1.5461,,,,1.1628,,,,0.9586,,,,,,0.2340,0.2704,,,0.5785,,,,0.1422,,,,0.0979,,,,,,2.5401,3.5572,,,2.7153,,,,2.3447,,,,3.0438,,,,,,10.8716,12.6367,,,33.5662,,,,33.2234,,,,36.2956,,,,,,,,,,6.2365,,,,5.2990,,,,10.5848,,
118220.SZ,13华光04,金乡县华光食品进出口有限公司,山东省,否,80.0000,山东华金集团有限公司,到期偿付,2014-03-20,2014-03-20,100.0000,100.0000,100.0575,100.0575,100.0575,100.0575,100.0575,-,A-,民营企业,,,,,,,,,,,,,,,,,,,,,,,,,,,,,,,,,,,,,,,,,,,0.0000,,,,,,,,,,,,,,,,,,0.7569,,,,,,,,,,,,,,,,,,0.0000,,,,,,,,,,,,,,,,,,,,,,,,,,,,,,,,
011754134.IB,17沪华信SCP002,上海华信国际集团有限公司,上海,否,54.1400,,到期偿付,2017-08-22,2017-08-23,103.3347,103.3347,104.3626,104.3626,104.3626,102.8884,100.0551,-,AAA,民营企业,,,,1.3795,1.3737,1.3693,1.2619,1.2458,1.3422,1.2664,1.4029,1.2616,1.3912,1.5286,1.4630,1.4082,1.3747,1.4389,,,,1.3220,1.3407,1.2617,1.2044,1.1507,1.2597,1.2128,1.3901,1.1681,1.3700,1.5009,1.4498,1.3783,1.3602,1.4087,,,,0.2893,0.2745,0.2687,0.2011,0.2049,0.1794,0.1559,0.3213,0.2301,0.2704,0.2893,0.3767,0.2641,0.2402,0.2333,,,,2.0221,2.0526,2.0483,2.4117,2.5515,2.7248,3.2088,3.0201,3.3086,3.2623,2.8898,3.2199,3.2130,3.0129,3.0765,,,,7.4091,6.9144,9.2558,9.2561,8.4095,8.2747,8.1302,15.1193,14.0276,16.9599,20.9428,21.0746,22.5350,23.4281,26.2531,,,,,,,3.8696,,,,7.6332,,,,8.7289,,11.8834,,,,
118165.SZ,13国德01,陕西国德电气制造有限公司,陕西省,否,46.6667,中企联合融资担保有限公司,到期偿付,2013-12-27,2013-12-27,100.0000,100.0000,100.0466,100.0466,100.0466,100.0466,100.0466,-,BBB,民营企业,,,,1.4543,1.6268,1.8096,0.9831,,,,,,,,,,,,,,,1.2184,1.4273,1.5740,0.8805,,,,,,,,,,,,,,,0.5631,0.3203,0.3847,0.0731,,,,,,,,,,,,,,,1.1958,1.2790,1.1052,1.2694,,,,,,,,,,,,,,,45.0934,48.3097,52.5963,13.4800,,,,,,,,,,,,,,,41.4385,11.1074,7.0489,,,,,,,,,,,,,,,
118106.SZ,13圣达01,厦门圣达威服饰有限公司,福建省,否,,中海信达担保有限公司,到期偿付,2013-06-13,2013-06-13,100.0000,100.0000,100.0279,100.0279,100.0279,100.0279,100.0279,-,,民营企业,,,,,,,,,,,,,,,,,,,,,,,,,,,,,,,,,,,,,,,,,,,,,,,,,,,,,,,,,,,,,,,,,,,,,,,,,,,,,,,0.0000,,,,,,,,,,,,,,,,,,,,,,,,,,,,,,,,
118245.SZ,13中联01,江苏中联物流股份有限公司,江苏省,否,,中海信达担保有限公司,到期偿付,2014-03-12,2014-03-12,100.0000,100.0000,100.0274,100.0274,100.0274,100.0274,100.0274,-,,民营企业,,,,,,,0.8437,,,,0.5113,,,,,,,,,,,,,,0.8437,,,,0.5113,,,,,,,,,,,,,,0.0232,,,,0.0016,,,,,,,,,,,,,,2.5180,,,,1.7502,,,,,,,,,,,,,,45.7052,,,,7.3489,,,,,,,,,,,,,,6.3824,,,,5.4548,,,,,,,,,,
118253.SZ,14佳源债,河南佳源乳业股份有限公司,河南省,否,40.0000,河南丰麟实业集团有限公司,到期偿付,2014-07-30,2014-07-30,100.0000,100.0000,100.0249,100.0249,100.0249,100.0249,100.0249,-,,民营企业,,,,,,,1.3489,,,,1.0772,,,,,,,,,,,,,,1.1861,,,,0.9310,,,,,,,,,,,,,,0.1428,,,,0.1031,,,,,,,,,,,,,,3.9926,,,,3.6865,,,,,,,,,,,,,,21.7302,,,,0.0000,,,,,,,,,,,,,,8.0487,,,,6.9459,,,,,,,,,,
118158.SZ,13百川债,广州华工百川科技有限公司,广东省,否,23.7720,中企联合融资担保有限公司,到期偿付,2013-12-16,2013-12-16,100.0000,100.0000,100.0205,100.0205,100.0205,100.0205,100.0205,-,,地方国有企业,,,,,,,1.6672,,,,1.4881,,,,,,,,,,,,,,1.2419,,,,1.0530,,,,,,,,,,,,,,0.3208,,,,0.0731,,,,,,,,,,,,,,1.5504,,,,2.3568,,,,,,,,,,,,,,22.1039,,,,24.1666,,,,,,,,,,,,,,6.0055,,,,-13.4208,,,,,,,,,,
118168.SZ,13新天阳,山东滨州新天阳化工有限责任公司,山东省,否,77.2800,中企联合融资担保有限公司,到期偿付,2013-12-20,2013-12-20,100.0000,100.0000,100.0000,100.0000,100.0000,100.0000,100.0000,-,,民营企业,,,,,,,1.7444,,,,,,,,,,,,,,,,,,1.4236,,,,,,,,,,,,,,,,,,1.0325,,,,,,,,,,,,,,,,,,0.9864,,,,,,,,,,,,,,,,,,27.8790,,,,,,,,,,,,,,,,,,,,,,,,,,,,,,,,
118151.SZ,13华龙01,浙江平湖华龙实业股份有限公司,浙江省,否,,中海信达担保有限公司,到期偿付,2013-11-01,2013-11-01,100.0000,100.0000,100.0000,100.0000,100.0000,100.0000,100.0000,-,,民营企业,,,,,,,,,,,,,,,,,,,,,,,,,,,,,,,,,,,,,,,,,,,,,,,,,,,,,,,,,,,,,,,,,,,,,,,,,,,,,,,,,,,,,,,,,,,,,,,,,,,,,,,,,,,,,,,
125378.SH,14厉华债,湖州厉华妤婕联合纺织有限公司,浙江省,否,100.0000,"浙江振金担保有限公司,杭州兆瑞担保有限公司,北京千禧世豪电子科技有限公司",到期偿付,2014-08-19,2014-08-19,108.8889,108.8889,24.3500,24.3500,24.3500,24.3500,24.3500,-,,外商独资企业,,,,2.6731,,,,,,,,,,,,,,,,,,1.7820,,,,,,,,,,,,,,,,,,0.3505,,,,,,,,,,,,,,,,,,0.4057,,,,,,,,,,,,,,,,,,0.0000,,,,,,,,,,,,,,,,,,,,,,,,,,,,,,,,,,,
110015.GBG,百花医药1期B,百花医药集团股份有限公司,贵州省,否,23.8944,鼎盛鑫融资担保有限公司,到期偿付,2014-09-25,2014-10-17,,,,,,,,-,,,,,,,,,,,,,,,,,,,,,,,,,,,,,,,,,,,,,,,,,,,,,,,,,,,,,,,,,,,,,,,,,,,,,,,,,,,,,,,,,,,,,,,,,,,,,,,,,,,,,,,,,,,,,,,,,
Q14121615.GDE,侨兴电讯债003,惠州侨兴电讯工业有限公司,广东省,否,,,到期偿付,2014-12-16,2014-12-16,,,,,,,,-,,,,,,,,,,,,,,,,,,,,,,,,,,,,,,,,,,,,,,,,,,,,,,,,,,,,,,,,,,,,,,,,,,,,,,,,,,,,,,,,,,,,,,,,,,,,,,,,,,,,,,,,,,,,,,,,,
Q14121612.GDE,侨兴电信债007,惠州侨兴电信工业有限公司,广东省,否,,,到期偿付,2014-12-16,2014-12-16,,,,,,,,-,,,,,,,,,,,,,,,,,,,,,,,,,,,,,,,,,,,,,,,,,,,,,,,,,,,,,,,,,,,,,,,,,,,,,,,,,,,,,,,,,,,,,,,,,,,,,,,,,,,,,,,,,,,,,,,,,
110038.GBG,金满锐溢,东兴金满堂商贸有限公司,广西壮族自治区,否,,广西东兴长和房地产(投资)开发有限责任公司,到期偿付,2015-12-11,2015-12-18,,,,,,,,-,,,,,,,,,6.2593,,,,5.2142,,,,,,,,,,,,,,2.7823,,,,2.6105,,,,,,,,,,,,,,0.7115,,,,0.5251,,,,,,,,,,,,,,0.6875,,,,0.6313,,,,,,,,,,,,,,61.0775,,,,50.8695,,,,,,,,,,,,,,,,,,1.5086,,,,,,,,,,
516022.GSE,16宏良02,甘肃宏良皮业股份有限公司,甘肃省,否,22.7800,,到期偿付,2016-10-11,2016-10-11,,,,,,,,-,,民营企业,,,,,,,1.2596,,,,1.7539,,,,2.1870,,2.1344,,,,,,,,0.4440,,,,0.5820,,,,0.7221,,0.7579,,,,,,,,0.0993,,,,0.0894,,,,0.0036,,0.0019,,,,,,,,3.3835,,,,1.2184,,,,1.2069,,1.2440,,,,,,,,1.8488,,,,0.0000,,,,19.2507,,18.2964,,,,,,,,7.8465,,,,5.2798,,,,7.0245,,7.2897,,,,
51501301.GSE,15华协农业01,甘肃华协农业生物科技股份有限公司,甘肃省,否,58.8600,甘肃西部华银信用担保有限公司,到期偿付,2015-05-22,2015-05-22,,,,,,,,-,,民营企业,,,,,,,1.8723,,,,1.6871,,0.9744,,0.8825,,0.8561,,,,,,,,1.5186,,,,1.1886,,0.6950,,0.4564,,0.4411,,,,,,,,0.2260,,,,0.0971,,0.0015,,0.0001,,0.0005,,,,,,,,0.5993,,,,0.6243,,1.1747,,1.4627,,1.6107,,,,,,,,0.0000,,,,0.0000,,0.0000,,0.0000,,0.0000,,,,,,,,3.8118,,,,3.6681,,13.0545,,-2.3715,,-11.1781,,,,
122454.SH,15五洋02,五洋建设集团股份有限公司,浙江省,否,43.3100,,到期偿付,2015-09-10,2015-09-14,40.0663,40.0663,39.4038,39.4038,38.1003,36.1342,40.0663,AA,AA,民营企业,C,2017-08-15,调低,1.0748,1.2919,1.2903,1.1503,1.1630,1.1294,1.4912,1.7530,,1.9226,,,,,,,,,0.6813,0.8616,0.8397,0.8119,0.7866,0.7733,1.0212,1.2745,,1.3507,,,,,,,,,0.1216,0.1704,0.1336,0.1678,0.0611,0.0604,0.0630,0.2015,,0.0351,,,,,,,,,1.6572,1.5626,1.5329,1.6980,1.6577,1.6708,1.7250,1.8566,,1.8220,,,,,,,,,5.7800,10.8735,9.7798,8.9959,8.9001,5.9123,24.7751,28.0966,,32.1081,,,,,,,,,25.1769,9.4270,6.4840,8.2841,24.4952,12.4901,8.9408,4.4986,,11.3748,,,,,,,,
1080129.IB,10中钢债,中国中钢股份有限公司,北京,否,99.0000,中国中钢集团有限公司,到期偿付,2010-10-20,2010-10-26,78.3096,78.3096,78.5419,78.5419,78.5419,78.5419,77.8740,AA,AA,中央国有企业,B,2015-10-20,调低,,,,,,,,,,,,,,,,,,,,,,,,,,,,,,,,,,,,,,,,,,,,,,,,,,,,,,,,,,24.8838,,,,,,,,,,,,,,,,,,0.0000,,,,,,,,,,,,,,,,,,,,,,,,,,,,,,,,
1282369.IB,12二重集MTN1,中国第二重型机械集团有限公司,四川省,否,100.0000,,到期偿付,2012-09-25,2012-09-25,99.6450,99.6450,100.0001,100.0001,100.0001,100.0001,100.0001,AA+,AA+,中央国有企业,C,2015-09-23,调低,0.7922,0.7141,0.6718,0.4526,0.4442,0.4175,0.4050,,,,,,,,,,,,0.3936,0.3411,0.3123,0.2626,0.2549,0.2375,0.2305,,,,,,,,,,,,0.0937,0.0625,0.0439,0.0546,0.0597,0.0563,0.0500,,,,,,,,,,,,19.0125,30.3740,56.5315,-5.4882,-5.2696,-4.8256,-4.6397,,,,,,,,,,,,30.7556,27.1799,24.1418,18.7837,18.2309,16.9318,15.6810,,,,,,,,,,,,,,,-2.2097,,,,,,,,,,,,,,
112399.SZ,16凯迪债,阳光凯迪新能源集团有限公司,湖北省,否,31.5000,,到期偿付,2016-06-01,2016-06-02,95.6653,95.6653,95.0878,95.0878,100.7514,99.0674,100.1053,AA,AA,中外合资企业,C,2018-06-05,调低,,0.9013,,0.9117,0.9140,0.8887,,1.0376,,1.1845,,1.7012,,1.6108,,,,,,0.8297,,0.8436,0.8330,0.7153,,0.8581,,0.9611,,1.4393,,1.3340,,,,,,0.1588,,0.1570,0.1765,0.1993,,0.1957,,0.2385,,0.5831,,0.3249,,,,,,4.4373,,4.4535,4.2933,5.0474,,5.2163,,5.3544,,4.9205,,4.9353,,,,,,33.3175,,34.9333,35.7215,35.4915,,42.4004,,46.8757,,55.9179,,58.4877,,,,,,,,,,,,,,,,,,,,,,
136486.SH,16长城01,中融双创(北京)科技集团有限公司,北京,否,80.0000,,到期偿付,2016-06-08,2016-06-15,101.6438,101.6438,101.0068,101.0068,106.8182,104.0312,100.5252,AA,AA,民营企业,CCC,2018-07-24,调低,,,,1.3007,,,,1.3279,,1.5618,,1.3594,,1.4255,,1.2891,,,,,,1.1075,,,,1.1245,,1.3466,,1.1364,,1.1659,,1.0067,,,,,,0.6276,,,,0.6272,,0.7976,,0.7624,,0.7421,,0.6913,,,,,,0.7943,,,,0.6939,,0.7743,,1.2191,,1.1129,,0.9359,,,,,,6.5795,,,,4.7345,,18.1189,,27.1742,,29.3947,,24.1472,,,,,,,,,,,,,,4.4454,,7.7400,,3.7663,,
118121.SZ,13福星门,重庆市福星门业(集团)有限公司,重庆,否,99.5500,,到期偿付,2013-08-08,2013-08-08,103.0500,103.0500,103.1075,103.1075,103.1075,103.1075,103.1075,AA,AA-,民营企业,BB,2015-11-06,调低,,,,,,,,,,,,,,,,,,,,,,,,,,,,,,,,,,,,,,,,,,,,,,,,,,,,,,,,,,,,,,,,,,,,,,,,,,,,,,,,,,,,,,,,,,,,,,,,,,,,,,,,,,,,
101473011.IB,14丹东港MTN001,丹东港集团有限公司,辽宁省,否,36.0000,,到期偿付,2014-10-28,2014-10-28,76.3784,76.3784,76.7637,76.7637,76.7637,76.7637,103.2666,AA,AA,中外合资企业,C,2017-10-30,调低,0.9231,1.0701,1.0759,0.8750,1.1973,1.0696,1.1092,0.8307,0.9636,1.0325,0.9289,0.9152,0.9958,0.9028,0.3728,,,,0.9019,1.0624,1.0108,0.8707,1.1897,1.0377,1.1064,0.8284,0.9335,1.0161,0.9248,0.8898,0.9705,0.8759,0.3708,,,,0.4599,0.3180,0.3510,0.3159,0.3768,0.3277,0.5503,0.1965,0.2562,0.2239,0.1940,0.1797,0.1965,0.1538,0.1474,,,,1.9254,1.9459,1.9890,2.2170,2.3321,2.3289,2.4821,3.1316,3.3912,3.3395,3.2014,3.1869,3.1809,3.1593,3.3851,,,,67.2978,71.7450,69.9573,67.6572,71.3994,74.7177,69.5694,68.0844,67.2800,70.3395,72.0414,73.5638,73.8508,72.6475,74.6853,,,,,,,6.4937,,,,4.9332,,,,6.6923,,,,,,
136172.SH,16亿阳01,亿阳集团股份有限公司,黑龙江省,否,92.2000,,到期偿付,2016-01-26,2016-01-28,106.8553,106.8553,107.4000,107.4000,107.4000,107.4000,104.4711,AA,AA,民营企业,CC,2017-11-15,调低,1.3614,1.3918,1.3273,1.2875,1.2490,1.2589,1.2588,1.5424,1.5992,1.7144,,1.8634,,1.9581,,,,,1.2262,1.2646,1.2107,1.1827,1.1503,1.1700,1.1772,1.3931,1.4613,1.5410,,1.7501,,1.8066,,,,,0.4185,0.4295,0.3207,0.4108,0.3787,0.3767,0.3840,0.5272,0.5038,0.5311,,0.8201,,0.8247,,,,,1.3055,1.2000,1.3328,1.2117,1.3337,1.2693,1.4116,1.3908,1.4352,1.5769,,1.9577,,1.9391,,,,,16.8025,16.4480,14.2401,7.0090,6.0941,5.6893,6.4301,18.7389,22.4912,28.9748,,39.1664,,38.4975,,,,,,,,2.9459,,,,3.3394,,,,5.1259,,,,,,
041564019.IB,15华昱CP001,中煤集团山西华昱能源有限公司,山西省,否,49.4600,,到期偿付,2015-04-03,2015-04-03,104.5465,104.5465,105.0801,105.0801,105.0801,105.0801,105.0801,A-1,AA+,中央国有企业,D,2016-04-06,调低,0.9043,1.0642,1.2630,0.8184,0.7429,0.9644,0.9222,0.4527,0.4777,0.4828,0.5122,0.4091,0.4535,0.4767,0.4936,,,,0.4192,0.6090,0.7029,0.4568,0.3500,0.4693,0.5032,0.1807,0.1914,0.1824,0.1940,0.1861,0.2222,0.2324,0.2229,,,,0.1085,0.2769,0.3612,0.1943,0.0645,0.1081,0.1402,0.0549,0.0633,0.0631,0.0696,0.0744,0.1074,0.1306,0.1082,,,,3.0896,4.4133,5.2197,5.6008,5.3791,5.5509,6.1831,9.8154,7.7535,8.1135,7.2702,5.4136,4.6870,4.1180,3.6024,,,,58.5967,60.4897,65.2164,47.7739,47.4295,59.3901,55.4533,24.5007,24.9349,27.6071,30.4640,18.0669,19.2541,20.9934,24.6836,,,,,,,,,,,29.3397,,,,6.0956,,,,,,
122356.SH,14富贵鸟,富贵鸟股份有限公司,福建省,是,,,到期偿付,2015-04-22,2015-04-24,15.2784,15.2784,14.7433,14.7433,13.6904,109.2025,106.0784,AA,AA,民营企业,C,2018-04-20,调低,,,,3.2497,,4.3271,,3.6079,3.4404,3.3297,4.1750,4.4909,,6.1712,,,,,,,,2.9774,,4.0145,,3.3092,3.1288,3.0452,3.8724,4.2096,,5.7886,,,,,,,,1.9750,,2.6011,,2.3628,2.2146,2.0677,2.7042,2.2573,,2.3198,,,,,,,,0.4197,,0.7174,,0.8241,0.8295,0.8426,1.3429,1.3140,,1.1561,,,,,,,,0.0000,,46.1449,,40.1235,38.7909,37.1628,60.2167,61.3739,,70.1952,,,,,,,,,,,,2.7726,,,,8.2451,,,,,,
041551020.IB,15春和CP001,春和集团有限公司,浙江省,否,51.3500,,到期偿付,2015-05-14,2015-05-14,105.8693,105.8693,106.1082,106.1082,106.1082,106.1082,106.1082,A-1,AA-,民营企业,D,2016-05-17,调低,0.9044,0.9529,0.9914,1.0177,1.0233,0.9981,1.0358,0.7329,,,,,,,,,,,0.8215,0.8689,0.8914,0.9644,0.9301,0.9270,0.9821,0.6855,,,,,,,,,,,0.2298,0.2318,0.2327,0.2270,0.1796,0.2056,0.2013,0.1205,,,,,,,,,,,8.8808,6.9307,7.2934,7.6069,7.8341,8.0418,7.0189,-13.7730,,,,,,,,,,,17.7170,18.6171,19.4577,17.7238,17.4367,16.0173,19.3790,8.9683,,,,,,,,,,,,,,11.5119,,,,-2.1421,,,,,,,,,,
125497.SH,14海益宝,山东玖龙海洋产业股份有限公司,山东省,否,70.0000,海阳盛大房地产开发有限公司,到期偿付,2014-12-04,2014-12-04,108.2318,107.5496,108.2545,108.2545,108.2545,108.2545,106.1625,AA,BBB-,民营企业,C,2017-11-16,调低,,0.9778,,,,,,,,,,,,,,,,,,0.5518,,,,,,,,,,,,,,,,,,0.2173,,,,,,,,,,,,,,,,,,0.6358,,,,,,,,,,,,,,,,,,47.3750,,,,,,,,,,,,,,,,,,,,,,,,,,,,,,,,,,
041554011.IB,15雨润CP001,南京雨润食品有限公司,江苏省,否,100.0000,,到期偿付,2015-03-16,2015-03-16,104.7150,104.7150,106.3443,106.3443,106.3443,106.3443,106.3443,A-1,AA,外商独资企业,D,2016-03-17,调低,0.6706,0.6493,0.6919,0.4870,0.5168,0.4024,0.4129,0.3508,0.3322,,,,,,,,,,0.5783,0.5463,0.6002,0.4091,0.4460,0.3577,0.3470,0.3070,0.3036,,,,,,,,,,0.0629,0.0751,0.0868,0.0736,0.1226,0.0767,0.0695,0.0227,0.0158,,,,,,,,,,2.4102,2.4007,2.3550,2.0226,2.0609,2.1098,2.1558,2.6746,2.7537,,,,,,,,,,30.9515,29.8134,30.7526,19.3024,18.8759,7.9556,3.3255,7.6427,6.7234,,,,,,,,,,,,,9.6497,,,,-4.2828,,,,,,,,,,
041556006.IB,15东特钢CP001,东北特殊钢集团有限责任公司,辽宁省,否,46.1300,,到期偿付,2015-03-25,2015-03-25,106.0438,106.0438,106.4647,106.4647,106.4647,106.4647,106.4647,A-1,AA,地方国有企业,D,2016-03-28,调低,0.6110,0.5994,0.6054,0.6038,0.6230,0.6305,0.6068,,,,,,,,,,,,0.3333,0.3393,0.3323,0.3421,0.3423,0.3506,0.3350,,,,,,,,,,,,0.1652,0.1982,0.1774,0.1890,0.1940,0.1932,0.1863,,,,,,,,,,,,6.9092,6.8875,6.7439,6.7705,6.8331,6.9092,6.8398,,,,,,,,,,,,24.5504,22.4695,26.1723,24.8678,28.2414,27.6899,25.0855,,,,,,,,,,,,,,,10.5333,,,,,,,,,,,,,,
041564012.IB,15宏达CP001,淄博宏达矿业有限公司,山东省,否,100.0000,,到期偿付,2015-03-05,2015-03-05,107.4593,107.4593,107.5030,107.5030,107.5030,107.5030,107.5030,A-1,AA-,民营企业,D,2016-03-08,调低,0.5912,0.6404,0.7876,0.9761,1.0429,0.9694,1.0882,,,,,,,,,,,,0.5742,0.6089,0.7516,0.9373,1.0233,0.9544,1.0680,,,,,,,,,,,,0.4232,0.4263,0.5641,0.5704,0.6349,0.5829,0.7229,,,,,,,,,,,,1.8925,1.8264,1.7530,1.7394,1.8338,1.9180,1.7320,,,,,,,,,,,,2.6460,2.7012,7.5926,22.6452,19.6346,11.6200,3.3560,,,,,,,,,,,,,,,3.7047,,,,,,,,,,,,,,
041558012.IB,15亚邦CP001,亚邦投资控股集团有限公司,江苏省,否,38.2400,,到期偿付,2015-02-06,2015-02-06,107.8197,107.8197,107.8038,107.8038,107.8038,107.8038,107.8038,A-1,AA-,民营企业,D,2016-02-14,调低,0.8261,0.8434,1.0699,1.1683,1.1765,1.1661,1.0801,,,,,,,,,,,,0.6772,0.6983,0.9000,0.9841,1.0120,0.9745,0.8955,,,,,,,,,,,,0.3657,0.3343,0.5180,0.4163,0.4382,0.4441,0.4065,,,,,,,,,,,,7.3503,6.6985,5.0177,5.8602,5.9254,5.6977,5.5182,,,,,,,,,,,,14.9665,15.0743,17.0909,24.4435,24.9709,24.1572,23.8181,,,,,,,,,,,,,,,4.7639,,,,,,,,,,,,,,
123514.SH,14益优02,中原证券股份有限公司,内蒙古自治区,否,,,到期偿付,2014-05-29,2014-05-29,107.6405,107.6405,108.2773,108.2773,108.2773,108.2773,108.2773,AA+,,,AA,2015-06-30,调低,,,,,,,,,,,,,,,,,,,,,,,,,,,,,,,,,,,,,,,,,,,,,,,,,,,,,,,,,,,,,,,,,,,,,,,,,,,,,,,,,,,,,,,,,,,,,,,,,,,,,,,,,,,,
125107.SH,13大宏债,江苏大宏纺织集团股份有限公司,江苏省,否,54.7200,射阳县城市投资发展有限责任公司,到期偿付,2013-04-19,2013-04-23,109.5068,109.5068,109.9178,109.9178,109.9178,109.9178,109.9178,AA-,,民营企业,CCC,2015-04-15,调低,,,,,,,,,,,,,,,,,,,,,,,,,,,,,,,,,,,,,,,,,,,,,,,,,,,,,,,,,,,,,,,,,,,,,,,,,,,,,,,,,,,,,,,,,,,,,,,,,,,,,,,,,,,,
118123.SZ,13华珠债,华珠(泉州)鞋业有限公司,福建省,否,100.0000,中海信达担保有限公司,到期偿付,2013-08-23,2013-08-23,100.0000,100.0000,100.0274,100.0274,100.0274,100.0274,100.0274,AA,,外商独资企业,AA,2013-10-25,首次,,,,,,,,,,,,,,,,,,,,,,,,,,,,,,,,,,,,,,,,,,,,,,,,,,,,,,,,,,,,,,,,,,,,,,,,,,,,,,,,,,,,,,,,,,,,,,,,,,,,,,,,,,,,
118068.SZ,12东飞01,东飞马佐里纺机有限公司,江苏省,否,,东台市交通投资建设集团有限公司,到期偿付,2013-01-25,2013-01-25,105.2360,105.2360,105.4182,105.4182,105.4182,105.4182,105.4182,AA,A,中外合资企业,AA,2013-04-12,首次,,,,,,,,,,,,,,,,,,,,,,,,,,,,,,,,,,,,,,,,,,,,,,,,,,,,,,,,,,,,,,,,,,,,,,,,,,,,,,,,,,,,,,,,,,,,,,,,,,,,,,,,,,,,
125066.SH,12华特斯,浙江华特斯聚合物科技有限公司,浙江省,否,55.0000,天龙控股集团有限公司,到期偿付,2013-01-23,2013-01-25,104.8822,104.8822,105.5151,105.5151,105.5151,105.5151,105.5151,A+,BBB,民营企业,A+,2012-11-30,首次,,,,,,,,,,,,,,,,,,,,,,,,,,,,,,,,,,,,,,,,,,,,,,,,,,,,,,,,,,,,,,,,,,,,,,,,,,,,,,,,,,,,,,,,,,,,,,,,,,,,,,,,,,,,
118018.SZ,12申环01,申环电缆科技有限公司,江苏省,否,,无锡市沪安电线电缆有限公司,到期偿付,2012-08-29,2012-08-29,108.9860,108.9860,109.0189,109.0189,109.0189,109.0189,109.0189,AA-,,中外合资企业,AA-,2012-08-29,首次,,,,,,,,,,,,,,,,,,,,,,,,,,,,,,,,,,,,,,,,,,,,,,,,,,,,,,,,,,,,,,,,,,,,,,,,,,,,,,,,,,,,,,,,,,,,,,,,,,,,,,,,,,,,
125099.SH,13中森债,中伟(徐州)新型材料科技有限公司,江苏省,否,66.0800,"中森通浩(北京)集团有限公司,中海信达担保有限公司",到期偿付,2013-03-28,2013-03-28,109.2603,109.2603,109.9452,109.9452,109.9452,109.9452,109.9452,AA,,民营企业,AA,2013-07-18,首次,,,,,,,,,,,,,,,,,,,,,,,,,,,,,,,,,,,,,,,,,,,,,,,,,,,,,,,,,,,,,,,,,,,,,,,,,,,,,,,,,,,,,,,,,,,,,,,,,,,,,,,,,,,,
125110.SH,13鲁润峰,山东润峰集团新能源科技有限公司,山东省,否,92.0000,山东省微山湖矿业集团有限公司,到期偿付,2013-04-24,2013-04-26,109.8384,109.8384,110.4712,110.4712,110.4712,110.4712,110.4712,AA,BBB,民营企业,AA,2013-05-09,首次,,1.9037,,,,,,,,,,,,,,,,,,1.7308,,,,,,,,,,,,,,,,,,0.2639,,,,,,,,,,,,,,,,,,6.0142,,,,,,,,,,,,,,,,,,53.9769,,,,,,,,,,,,,,,,,,,,,,,,,,,,,,,,,,
124309.SH,13弘燃气,信阳市弘昌管道燃气工程有限责任公司,河南省,否,92.7000,河南信阳毛尖集团有限公司,到期偿付,2013-06-20,2013-06-21,74.1680,74.1680,73.6168,73.6168,79.0222,77.3863,74.1680,AA,AA-,民营企业,CC,2017-12-28,维持,,2.3421,,2.8818,,2.8199,,3.4364,,4.6747,,,,,,,,,,2.3412,,2.8788,,2.8164,,3.4353,,4.6706,,,,,,,,,,0.1691,,0.0844,,0.0923,,0.0854,,0.0717,,,,,,,,,,1.5638,,0.9686,,1.0328,,0.9781,,0.8958,,,,,,,,,,65.0703,,72.8600,,71.8503,,80.1800,,83.0562,,,,,,,,,,,,5.7826,,,,8.6080,,,,,,,,,,
122683.SH,12春和债,春和集团有限公司,浙江省,否,51.3500,,到期偿付,2012-04-24,2012-04-27,82.7584,82.7584,83.2061,83.2061,83.2061,82.1190,78.2610,AA,AA,民营企业,C,2017-12-28,维持,0.9044,0.9529,0.9914,1.0177,1.0233,0.9981,1.0358,0.7329,,,,,,,,,,,0.8215,0.8689,0.8914,0.9644,0.9301,0.9270,0.9821,0.6855,,,,,,,,,,,0.2298,0.2318,0.2327,0.2270,0.1796,0.2056,0.2013,0.1205,,,,,,,,,,,8.8808,6.9307,7.2934,7.6069,7.8341,8.0418,7.0189,-13.7730,,,,,,,,,,,17.7170,18.6171,19.4577,17.7238,17.4367,16.0173,19.3790,8.9683,,,,,,,,,,,,,,11.5119,,,,-2.1421,,,,,,,,,,
122811.SH,11蒙奈伦,内蒙古奈伦集团股份有限公司,内蒙古自治区,否,81.5600,,到期偿付,2011-05-05,2011-05-09,99.8165,99.8165,99.9600,99.9600,99.9600,98.6279,94.9187,AA,AA-,民营企业,C,2017-12-28,维持,,1.1743,,1.2363,,1.0853,,,,,,,,,,,,,,0.7094,,0.8577,,0.7395,,,,,,,,,,,,,,0.1125,,0.0310,,0.0209,,,,,,,,,,,,,,1.2955,,1.6205,,1.6885,,,,,,,,,,,,,,40.4831,,43.7020,,37.5029,,,,,,,,,,,,,,22.2698,,-338.4176,,-51.7687,,,,,,,,,,,,
1182127.IB,11天威MTN2,保定天威集团有限公司,河北省,否,100.0000,,到期偿付,2011-04-20,2011-04-20,95.9125,95.9125,96.1461,96.1461,96.1461,96.1461,96.1461,AA+,AA+,中央国有企业,C,2015-09-23,维持,1.3546,1.3544,0.8946,0.9054,0.4629,0.4607,0.4168,0.3831,0.2961,0.3025,0.2928,0.2469,0.2518,0.2566,0.2456,,,,1.0744,1.0904,0.6493,0.6937,0.4086,0.4155,0.3785,0.3508,0.2691,0.2703,0.2658,0.2439,0.2483,0.2529,0.2416,,,,0.2387,0.2188,0.1651,0.1947,0.0230,0.0258,0.0148,0.0169,0.0169,0.0164,0.0132,0.0089,0.0131,0.0121,0.0104,,,,13.8233,18.6426,-17.0956,-3.5877,-2.5783,-2.5889,-2.2360,-2.0276,-1.8893,-1.9141,-1.9176,-1.2528,-1.2555,-1.2589,-1.2523,,,,56.9280,58.3972,53.2112,51.2637,64.1943,63.2825,57.2620,56.4909,55.5228,55.3809,55.2390,50.8382,50.7196,50.5972,50.7030,,,,,,,-1.6772,,,,-35.8162,,,,-2.9935,,,,,,
118089.SZ,12精彩债,北京精彩无限音像有限公司,北京,否,,广东精彩企业集团有限公司,到期偿付,2013-04-25,2013-04-25,100.0000,100.0000,100.0603,100.0603,100.0603,100.0603,100.0603,-,A,民营企业,AA-,2014-08-27,维持,,,,,,,,,,,,,,,,,,,,,,,,,,,,,,,,,,,,,,,,,,,,,,,,,,,,,,,,,,,,,,,,,,,,,,,,,,,,,,,,,,,,,,,,,,,,,,,,,,,,,,,,,,,,
1180105.IB,11蒙奈伦债,内蒙古奈伦集团股份有限公司,内蒙古自治区,否,81.5600,,到期偿付,2011-05-05,2011-05-11,105.5442,105.5442,106.1385,106.1385,106.1385,104.9295,101.2202,AA,AA-,民营企业,C,2017-12-28,维持,,1.1743,,1.2363,,1.0853,,,,,,,,,,,,,,0.7094,,0.8577,,0.7395,,,,,,,,,,,,,,0.1125,,0.0310,,0.0209,,,,,,,,,,,,,,1.2955,,1.6205,,1.6885,,,,,,,,,,,,,,40.4831,,43.7020,,37.5029,,,,,,,,,,,,,,22.2698,,-338.4176,,-51.7687,,,,,,,,,,,,
1280443.IB,12圣达债,四川圣达集团有限公司,四川省,否,50.0000,,到期偿付,2012-12-05,2012-12-11,104.2632,104.2632,103.6474,103.6474,102.4358,100.6084,104.2632,AA,AA-,民营企业,B,2017-12-26,维持,,,,0.5758,,,,,,,,,,,,,,,,,,0.5329,,,,,,,,,,,,,,,,,,0.1125,,,,,,,,,,,,,,,,,,6.5176,,,,,,,,,,,,,,,,,,11.4919,,,,,,,,,,,,,,,,,,10.0941,,,,,,,,,,,,,,
041560105.IB,15机床CP003,大连机床集团有限责任公司,辽宁省,否,65.0000,,到期偿付,2015-11-18,2015-11-18,105.2104,105.2104,105.4891,105.4891,105.4891,105.4891,105.4891,A-1,AA,民营企业,A-1,2016-05-18,维持,1.3978,1.3666,1.4012,1.2544,1.3381,1.3371,1.3952,1.4515,1.4454,1.4953,1.4710,,,,,,,,0.7295,0.7126,0.7237,0.6547,0.7178,0.7200,0.7289,0.8445,0.8485,0.8041,0.7759,,,,,,,,0.3058,0.2895,0.2731,0.2414,0.2931,0.2828,0.2973,0.2777,0.2571,0.3172,0.2469,,,,,,,,8.8409,8.6888,8.4118,8.4964,8.5965,8.6045,9.0863,8.9608,9.4424,8.8915,8.4688,,,,,,,,34.3715,32.8272,33.8364,30.4136,33.8154,32.9305,36.2059,37.8415,36.6949,39.8913,37.7799,,,,,,,,,,,7.6324,,,,9.6594,,,,,,,,,,
041562060.IB,15冀物流CP002,河北省物流产业集团有限公司,河北省,否,100.0000,,到期偿付,2015-11-16,2015-11-16,106.0819,106.0819,106.3442,106.3442,106.3442,106.3442,106.3442,A-1,AA-,地方国有企业,A-1,2016-05-16,维持,1.0608,1.0287,1.0588,1.0418,1.0598,1.0370,1.0395,1.0767,1.0789,1.0799,1.0744,,,,,,,,0.9443,0.9154,0.9484,0.8993,0.9195,0.8965,0.9010,0.9282,0.9339,0.9245,0.9307,,,,,,,,0.4145,0.3249,0.3799,0.3873,0.3213,0.3639,0.3560,0.3563,0.3623,0.3430,0.3427,,,,,,,,5.6258,7.0828,7.1840,8.6713,8.8348,8.1858,7.9718,4.6551,4.6965,4.6778,4.7016,,,,,,,,0.2382,1.8053,4.9571,4.4661,6.0665,0.4163,0.4242,1.8340,1.6285,1.4893,1.3277,,,,,,,,,,,34.1643,,,,,,,,,,,,,,
041458025.IB,14波鸿CP001,波鸿集团有限公司,四川省,否,95.0000,,到期偿付,2014-04-08,2014-04-08,108.1018,108.1018,108.1651,108.1651,108.1651,108.1651,108.1651,A-1,AA-,民营企业,A-1,2014-06-18,维持,1.3493,1.2835,1.2442,,,,,,,,,,,,,,,,0.9450,0.9372,0.9609,,,,,,,,,,,,,,,,0.1261,0.1201,0.0518,,,,,,,,,,,,,,,,1.3354,1.4546,1.4301,,,,,,,,,,,,,,,,8.8149,8.0805,4.8562,,,,,,,,,,,,,,,,17.3957,10.1128,6.8601,,,,,,,,,,,,,,,
011699723.IB,16博源SCP002,内蒙古博源控股集团有限公司,内蒙古自治区,否,15.3000,,到期偿付,2016-04-29,2016-04-29,103.2465,103.2465,103.7166,103.7166,103.7166,103.7166,103.7166,-,AA,民营企业,,,,0.6073,0.6060,0.6053,0.5794,0.5507,0.5723,0.5935,0.5574,0.5620,0.5871,0.6972,0.5512,0.5396,0.5870,0.6052,0.5504,0.5536,0.5374,0.4592,0.4505,0.4407,0.4568,0.4309,0.4686,0.5032,0.4647,0.4672,0.5693,0.6827,0.5378,0.5220,0.5730,0.5914,0.5377,0.5426,0.5248,0.1716,0.2125,0.1999,0.3022,0.2188,0.2287,0.2373,0.2406,0.2354,0.2627,0.3230,0.2891,0.2280,0.2798,0.2896,0.3024,0.3022,0.2441,5.9934,6.0920,6.2917,8.4734,8.7293,10.7696,9.8937,13.2863,15.2663,19.9279,19.0353,86.0120,89.5628,146.3596,234.0841,-69.8809,-67.2848,-52.4514,35.7527,35.9833,34.1314,27.3951,27.7265,29.8869,30.4491,28.0049,25.7209,23.4811,23.1093,12.5191,11.6687,15.0778,17.0948,16.5333,15.9422,13.7459,,,,9.2716,,,,5.8967,,,,29.4793,,,,6.7340,,
118337.SZ,15乐视01,乐视网信息技术(北京)股份有限公司,北京,是,25.6700,,到期偿付,2015-08-03,2015-08-03,107.8080,107.8080,31.9830,31.9830,107.8080,104.0570,100.6130,-,AA,民营企业,,,,0.8525,0.8076,0.7219,0.8140,1.0993,1.1723,1.4863,1.2226,1.2522,1.5003,1.3820,1.2712,1.3876,1.4233,1.1149,0.5460,0.5276,0.5756,0.8033,0.6458,0.5771,0.6475,0.9054,1.0226,1.3843,1.0698,1.0390,1.2635,1.2015,1.1955,1.2699,1.3089,1.0176,0.5009,0.4785,0.5218,0.3100,0.2352,0.0898,0.1161,0.1929,0.3541,0.7096,0.4883,0.3827,0.6465,0.5497,0.2944,0.3320,0.2375,0.0661,0.0590,0.0480,0.0433,2.2155,1.6195,1.5596,1.7391,2.0171,2.2648,3.1280,3.3524,3.1675,4.0998,1.9320,2.1272,1.3794,1.4266,1.3949,28.0008,61.2866,-40.0057,11.4296,3.3892,2.1559,1.4866,0.9562,0.5490,8.9690,16.9751,17.3921,21.2972,23.0483,14.5574,16.9580,16.3165,6.7073,0.7088,0.5887,2.0999,,2.9483,,1.3952,,1.9592,,2.0244,,5.0971,,3.4107,,15.7726,,-0.3215,,-7.8624
041564058.IB,15国裕物流CP001,武汉国裕物流产业集团有限公司,湖北省,否,55.0000,,到期偿付,2015-08-05,2015-08-05,106.8693,106.8693,106.9840,106.9840,106.9840,106.9840,106.9840,A-1,AA-,民营企业,D,2016-08-03,调低,1.0725,1.1585,1.1605,1.0262,0.9495,1.0250,1.0471,0.2722,0.1181,0.1204,0.1278,0.0571,0.0477,0.0451,0.0429,0.0496,0.0467,0.0435,0.6951,0.7887,0.8089,0.6708,0.5736,0.5541,0.6272,0.2181,0.0759,0.0688,0.0833,0.0505,0.0423,0.0397,0.0375,0.0442,0.0414,0.0383,0.5900,0.6599,0.6869,0.5283,0.4327,0.3983,0.4641,0.1255,0.0324,0.0301,0.0322,0.0017,0.0017,0.0011,0.0007,0.0009,0.0009,0.0020,1.9675,1.9178,2.0251,1.7216,1.6322,1.5075,1.4526,-7.0004,-5.9538,-5.5631,-5.4845,-1.6694,-1.6485,-1.6335,-1.6271,-1.6114,-1.5937,-1.5687,38.5489,40.9467,38.7473,33.9159,28.1121,32.4637,32.3303,39.3536,48.2510,55.3448,55.6075,69.2509,68.0166,68.0088,68.0278,67.9921,67.9792,67.6623,,,,8.7236,,,,-1.1461,,,,,,,,,,
145206.SH,16千里01,江苏保千里视像科技集团股份有限公司,江苏省,是,35.0700,,到期偿付,2016-11-30,2016-11-30,104.5205,104.5205,104.0110,104.0110,103.0082,101.4959,104.5205,AA-,AA,民营企业,C,2018-06-21,维持,2.0268,1.3610,1.1642,1.1521,2.6616,3.0659,2.7241,1.6950,1.4515,1.1283,1.8611,1.8744,1.7283,1.4143,1.2644,0.3443,0.3224,0.3077,1.3667,0.9218,0.7919,0.8045,2.2721,2.4803,2.2854,1.2873,1.0511,0.7857,1.6379,1.6043,1.4513,1.1960,1.0788,0.2503,0.2370,0.2245,0.3029,0.1754,0.0990,0.1445,0.8213,1.5804,1.4176,0.7204,0.6640,0.3389,1.0904,1.0643,0.7402,0.4019,0.1841,0.0728,0.0626,0.0572,0.3856,0.3692,0.4269,0.4211,0.4613,0.3719,0.4591,0.8382,1.1865,1.2773,0.6860,1.0841,1.0972,1.0804,1.1039,-1.5459,-1.5001,-1.4719,35.0968,7.8268,6.5712,4.7978,0.0000,0.0000,0.0000,0.0000,0.0000,0.0000,0.0000,27.7140,26.3215,24.8056,24.0695,23.0373,22.9493,22.7131,,1.8117,,,,2.1049,,0.8606,,3.2669,,3.8298,,7.7151,,-0.5881,,-53.2430
011752084.IB,17美兰机场SCP002,海口美兰国际机场有限责任公司,海南省,否,25.1400,,到期偿付,2017-11-23,2017-11-24,104.7685,104.7685,104.7685,104.7685,103.5485,101.8600,100.0000,-,AA+,地方国有企业,,,,1.5049,1.1615,1.4106,1.4590,1.4536,1.5515,1.3769,1.2681,1.2702,1.2326,1.4993,2.8443,2.6022,2.0841,1.8159,1.4435,1.2478,1.1029,1.4764,1.1407,1.3871,1.4389,1.4367,1.5366,1.3690,1.2585,1.2627,1.2268,1.4937,2.8259,2.5897,2.0747,1.8058,1.4244,1.2371,1.0906,0.9236,0.8846,0.8815,0.8260,0.6269,0.6988,0.6272,0.4366,0.2732,0.3195,0.3746,0.9005,0.5588,0.4548,0.4977,0.2406,0.1999,0.1567,2.1365,2.1480,1.8245,1.8221,1.8164,1.8969,2.5943,2.1836,2.2268,2.2101,1.9690,1.3842,1.2542,1.3219,1.4948,1.1043,1.1028,0.9768,54.1065,55.4072,60.4898,59.5187,61.8047,62.2797,57.0168,47.8215,47.7870,49.2185,56.0202,62.2266,59.7929,55.0752,50.6389,49.0989,41.8289,37.3106,,,,10.1122,,,,10.6478,,,,12.9784,,,,10.1978,,
1082180.IB,10英利MTN1,保定天威英利新能源有限公司,河北省,否,98.5482,,到期偿付,2010-10-11,2010-10-13,104.8580,104.3895,104.9829,104.9829,104.9829,104.9829,104.9829,AA,AA,中外合资企业,C,2015-10-13,调低,3.9325,4.0210,4.2858,4.6154,4.1998,4.8303,6.3113,2.3604,2.4026,2.3432,2.3587,5.9376,2.3482,5.7101,5.4710,1.7901,4.3698,1.7205,3.8428,3.9239,4.2121,4.5448,4.1332,4.7589,6.2384,2.3392,2.3762,2.3231,2.3402,5.8945,2.3313,5.6695,5.4322,1.7735,4.3302,1.7048,0.1962,0.2064,0.1834,0.1810,0.1934,0.1628,0.0439,0.0137,0.0055,0.0111,0.0016,0.0062,0.0208,0.1394,0.0925,0.0172,0.0388,0.0240,0.8017,0.8268,0.8062,0.7917,0.8501,0.7976,0.7125,0.6512,0.6157,0.6709,0.6694,0.6842,0.6856,0.7078,0.7271,1.1417,1.0566,1.1968,52.7932,53.9961,55.9754,58.5279,55.6635,59.9632,67.2042,2.2885,2.5855,2.4969,2.5356,60.7938,2.3325,59.8090,58.6335,2.3341,58.0680,0.0000,,,,21.3866,,,,-5.3017,,,,18.2539,,,,-1.3580,,
72002204.XEE,16通海004号,陕西通海绒业股份有限公司,陕西省,否,79.9800,陕西汇鑫融资担保有限公司,到期偿付,2016-09-19,,,,,,,,,-,,民营企业,,,,,,,0.5924,0.6076,,,0.5955,,0.7424,,0.8318,,0.9673,,1.2997,,1.8721,,,,0.0591,0.1964,,,0.1958,,0.3416,,0.4259,,0.3830,,0.5545,,1.0248,,,,0.0238,0.0257,,,0.0243,,0.0224,,0.1234,,0.0164,,0.0213,,0.0015,,,,4.1848,3.9976,,,3.6413,,2.3199,,2.2081,,1.3489,,1.5026,,1.4292,,,,4.7269,4.7908,,,0.0000,,0.0000,,0.0000,,0.0000,,16.6585,,30.4375,,,,8.2885,19.1985,,,5.8079,,7.1263,,3.6884,,11.2989,,4.1470,,8.3469
011758127.IB,17兵团六师SCP001,新疆生产建设兵团第六师国有资产经营有限责任公司,新疆维吾尔自治区,否,92.7444,,到期偿付,2017-11-14,2017-11-15,104.0816,104.0816,104.0816,104.0816,103.0972,101.5660,100.0000,-,AA,地方国有企业,,,,1.3670,1.1747,1.1832,1.1617,1.1785,1.1973,1.2110,1.5349,1.8907,2.3361,2.8404,1.9214,1.8481,2.0320,2.3579,2.1238,2.0740,2.4910,1.1397,0.8123,0.8373,0.7545,0.7372,0.8133,0.8365,1.0317,1.3458,1.6574,2.0769,1.3414,1.3237,1.4570,1.7346,1.2460,1.2350,1.5160,0.3248,0.2054,0.1430,0.0857,0.0714,0.1058,0.1377,0.3136,0.4680,0.4693,0.3403,0.1788,0.1659,0.1556,0.2633,0.0821,0.0810,0.0798,2.1263,2.2055,2.3606,2.2684,2.2732,2.2380,2.1689,1.7718,1.8045,1.5882,1.3146,1.3181,1.3944,1.2929,1.3333,1.5189,1.6778,1.5571,43.6358,28.0990,29.0712,24.5733,25.1972,25.5755,27.4758,31.5474,43.4058,52.2945,53.3866,27.3867,25.9655,31.6632,40.9577,25.5445,28.5680,37.3556,,,,10.4365,,,,22.5875,,,,8.8898,,,,-94.9096,,
118579.SZ,16环保债,神雾环保技术股份有限公司,北京,是,41.2500,神雾科技集团股份有限公司,到期偿付,2016-03-14,2016-03-23,105.2850,105.2850,105.2850,105.2850,105.2850,105.2850,101.3160,-,,民营企业,,,,1.9128,2.4249,2.5795,1.6926,1.4783,1.8364,1.8150,2.1083,2.7406,2.6473,2.4696,2.9958,2.4862,2.2564,1.9973,1.8410,1.8645,1.7689,1.5150,1.8741,1.9369,1.0323,0.8048,0.9126,0.9964,1.4289,2.0075,1.8462,1.5880,2.3374,1.8230,1.6074,1.4488,1.3651,1.3516,1.2682,0.5936,0.8614,0.7798,0.5341,0.2938,0.1906,0.4087,0.4935,0.8874,0.6891,0.5855,1.3631,1.0060,0.7708,0.5741,0.1605,0.0300,0.0030,0.8202,0.5755,0.5091,0.6268,0.6838,0.6481,0.8046,0.7560,1.2708,1.2474,1.2587,0.9725,1.1211,1.2438,1.4171,1.5628,1.5584,1.6145,0.4085,0.0000,0.0000,8.0074,14.0965,28.4140,20.0119,23.2807,44.5182,41.9309,36.3519,40.6840,32.3437,26.9776,22.0404,19.6312,20.5425,17.4039,,26.9248,,6.2197,,10.3559,,1.8858,,4.1089,,1.4069,,3.0895,,3.4885,,-27.5779
112276.SZ,15金鸿债,金鸿控股集团股份有限公司,吉林省,是,21.5000,,到期偿付,2015-08-26,2015-08-28,85.0822,85.0822,83.6438,83.6438,82.8082,100.8479,99.3685,AA,AA,民营企业,C,2018-08-27,调低,0.4216,0.4501,0.4951,0.7818,0.7423,0.5800,0.5478,0.4312,0.6928,0.5909,0.5910,0.4795,0.4640,0.4428,0.4540,0.4565,0.4563,0.3647,0.4013,0.4275,0.4801,0.7775,0.7345,0.5663,0.5328,0.4254,0.6794,0.5793,0.5370,0.4682,0.4456,0.4242,0.4333,0.4410,0.4417,0.3389,0.1612,0.2460,0.2879,0.6369,0.5757,0.3623,0.3178,0.2227,0.4204,0.3489,0.2974,0.2779,0.2388,0.1427,0.1420,0.1781,0.1266,0.0768,1.7739,1.8890,2.0908,1.2995,1.2671,1.1261,1.2022,1.3197,1.5414,1.5924,1.9192,1.9904,2.0147,1.9381,2.0189,2.1126,1.9622,1.8715,34.1728,32.9847,31.5785,24.9362,25.5221,24.2481,19.7526,40.2569,48.6246,44.2660,38.2857,36.9844,39.3820,38.2293,40.5839,39.3210,48.2861,44.0859,,7.0229,,3.9086,,8.3040,,4.7277,,10.8910,,6.2333,,10.2191,,5.6504,,10.0110
910020.QLE,14迪浩债,山东迪浩耐磨管道股份有限公司,山东省,否,22.8700,,到期偿付,2014-11-14,2014-11-14,,,,,,,,-,,民营企业,,,,,1.3033,,1.1125,,1.5987,,1.0977,,0.8209,,0.9330,,0.9265,,0.8524,,0.7433,,0.9954,,0.8803,,1.2770,,0.9141,,0.6461,,0.5841,,0.6412,,0.5427,,0.4320,,0.1971,,0.1560,,0.1967,,0.1547,,0.0631,,0.0319,,0.0532,,0.0147,,0.0186,,1.2454,,1.7238,,1.9667,,1.7960,,1.8771,,2.0321,,1.9861,,1.9794,,2.2559,,9.1360,,16.8286,,42.8735,,29.3802,,13.0410,,24.2202,,15.5222,,19.3381,,9.1756,,"1,356.8318",,55.0154,,14.5151,,7.3593,,-54.9562,,-12.4591,,27.2401,,-76.3593,,-76.9196
127003.SZ,海印转债,广东海印集团股份有限公司,广东省,是,48.1400,广州海印实业集团有限公司,到期偿付,2016-06-08,2016-06-08,88.4800,88.4800,90.9390,90.9390,88.5800,93.4000,103.6000,AA-,AA-,民营企业,AA,2018-06-22,维持,0.9874,2.4443,2.2460,3.2549,2.4977,2.5236,2.4464,1.8309,2.4607,2.7774,2.6851,2.5424,2.5483,2.8330,1.8178,1.8140,1.6435,1.4739,0.3349,1.4095,1.0303,1.5029,1.0463,0.7307,0.7886,0.5727,0.7038,1.1983,1.3070,1.1963,1.1452,1.1697,0.8183,0.9189,0.7428,0.6021,0.1543,1.1928,0.7785,1.0120,0.8265,0.4750,0.5543,0.3873,0.4097,0.9784,0.9286,0.9153,0.7104,0.6815,0.5508,0.6620,0.5204,0.3819,1.8566,1.8510,1.6185,1.3185,1.3181,1.1750,1.5163,1.7277,1.7663,1.8445,2.0496,2.2557,2.2799,2.2434,2.3985,2.4107,2.3626,2.3233,28.2439,57.4878,54.4675,61.2370,51.4713,55.1072,58.0401,52.8145,65.9073,65.7415,64.6759,64.9971,65.7909,69.8475,54.1891,52.2760,47.1813,42.6263,,10.3358,,3.0887,,7.7178,,5.6834,,16.4140,,10.2406,,20.5941,,9.3802,,21.0539
125620.SH,15中安消,中安科股份有限公司,上海,是,41.1500,,到期偿付,2015-12-17,2015-12-17,106.6932,106.6932,106.9808,106.9808,106.9808,106.9808,104.9479,AA,AA,民营企业,C,2018-04-28,调低,1.8993,1.6701,1.7810,2.2650,2.6912,1.9717,2.0224,1.6717,1.6523,1.1603,0.9657,1.1773,1.1799,1.1566,1.1365,0.9244,1.0425,1.0225,1.3974,1.2815,1.3859,2.2435,2.6682,1.9453,1.9998,1.6329,1.5786,1.1044,0.9197,0.7849,1.1082,1.0920,1.0686,0.5738,0.5711,0.5098,0.4955,0.4017,0.5642,0.4570,1.8894,1.1414,0.9744,0.7474,0.3478,0.2291,0.1646,0.3890,0.4844,0.3699,0.3433,0.2714,0.1688,0.1610,0.3589,0.4195,0.4041,0.6030,0.4976,0.6501,0.6231,1.2038,1.0664,1.5917,2.0412,2.6341,2.3464,2.3868,2.4122,3.2659,2.7070,2.4654,1.9919,2.3338,2.3634,0.0000,0.0000,1.1715,1.2216,24.9946,29.5229,29.4109,22.1029,32.5395,35.6800,34.2424,33.5037,25.6448,26.7854,29.3808,,2.0462,,2.3340,,7.4307,,5.0484,,8.2782,,8.5037,,41.0775,,-9.5464,,144.4753
101454064.IB,14亿利集MTN002,亿利资源集团有限公司,内蒙古自治区,否,33.6100,,到期偿付,2014-11-20,2014-11-20,107.0276,107.0276,107.3602,107.3602,107.3602,107.3602,105.0976,AA,AA,民营企业,AA+,2017-06-15,调高,1.2721,1.2961,1.2836,1.1076,1.1220,1.1883,1.2214,1.1021,1.1283,1.1177,1.1328,1.1180,1.2106,1.0425,1.0391,0.9505,0.9067,0.9395,0.8517,0.8826,0.8108,0.7145,0.7082,0.7378,0.7764,0.7808,0.8095,0.7907,0.8069,0.7794,0.8551,0.7466,0.7537,0.8165,0.7872,0.7765,0.1809,0.1895,0.1327,0.1705,0.1806,0.2041,0.1919,0.1991,0.1950,0.2273,0.2195,0.2143,0.3482,0.2979,0.3168,0.2795,0.2248,0.2485,3.0500,2.9978,2.9493,2.9537,2.9504,3.1193,3.0995,2.8404,2.8583,2.8530,2.6427,2.7482,2.7633,2.6469,2.3740,2.7068,2.5839,2.5549,30.1539,32.1564,32.6860,29.1388,30.9563,36.5542,38.6398,31.1329,32.3255,33.3236,32.3819,35.7132,34.4050,26.7768,26.1328,25.4908,25.0962,23.2386,51.2187,15.7782,12.0468,8.6462,74.7367,37.9531,20.5005,14.6264,98.6979,32.4671,,11.5117,,,,8.7351,,
112087.SZ,12中富01,珠海中富实业股份有限公司,广东省,是,11.3900,,到期偿付,2012-05-28,2012-05-30,93.8594,93.8594,94.1487,94.1487,94.1487,94.1487,94.1487,AA,AA,民营企业,CC,2015-05-26,调低,1.2083,0.8676,0.6397,0.5951,0.5988,0.5991,0.6306,0.5531,0.5552,0.5992,0.4284,0.3424,0.4346,0.9681,1.0266,1.0365,1.0302,0.5618,0.9749,0.6955,0.5183,0.4732,0.4865,0.4657,0.5088,0.4203,0.4096,0.4427,0.3223,0.2427,0.3336,0.7657,0.7882,0.7844,0.7789,0.4165,0.4302,0.3053,0.2426,0.2441,0.2645,0.1591,0.2113,0.1068,0.0749,0.0782,0.0652,0.0528,0.1180,0.2262,0.1236,0.1949,0.1175,0.0478,2.8112,2.5816,2.4072,2.3142,2.3911,2.0710,2.1243,2.0259,2.1236,2.1973,2.1783,4.4612,4.9371,4.7120,4.1251,3.1300,3.2044,3.1275,56.5732,40.7589,20.5197,22.5782,22.7504,25.2531,25.0369,27.6506,27.6564,26.8727,0.0000,0.0000,8.3974,56.4875,60.3865,61.7216,61.1123,27.4199,,7.1625,,4.1665,,8.3073,,3.9672,,10.3568,,-6.4802,,8.9882,,3.2789,,9.2707
041773004.IB,17永泰能源CP004,永泰能源股份有限公司,山西省,是,32.4100,,到期偿付,2017-07-03,2017-07-04,101.7849,101.7849,101.8616,101.8616,106.1022,104.4912,101.1332,A-1,AA+,民营企业,A-1,2018-02-09,维持,0.6985,0.4800,0.5412,0.6597,0.7517,0.7072,0.5828,0.5562,0.6000,0.7256,0.7124,0.4429,0.4263,0.5677,0.4474,0.5096,0.4902,0.2927,0.6794,0.4517,0.5155,0.6370,0.7428,0.6929,0.5703,0.5447,0.5877,0.7140,0.7013,0.4312,0.4138,0.5526,0.4349,0.4950,0.4743,0.2777,0.4248,0.2113,0.2806,0.2988,0.5084,0.4098,0.3322,0.2874,0.2978,0.4617,0.4305,0.2558,0.2235,0.3635,0.2683,0.2278,0.2619,0.1501,3.6437,3.4627,3.5547,3.8576,1.8909,3.0315,3.1088,3.0094,3.0602,2.7386,2.7868,2.9154,2.9384,3.1874,3.1848,3.2205,3.1564,3.1959,36.8869,36.4377,40.3613,43.9153,48.0050,54.1641,52.8736,55.2644,58.2157,55.1060,57.1815,50.1838,50.1967,53.8547,47.4531,49.7566,50.2276,47.4775,,14.7181,,9.3160,,18.7594,,10.1803,,20.1824,,10.3740,,21.3768,,10.7888,,18.0033
1182146.IB,11凯迪MTN1,凯迪生态环境科技股份有限公司,湖北省,是,29.0800,,到期偿付,2011-05-03,2011-05-04,104.5448,104.5448,105.6388,105.6388,105.6388,105.1362,102.8982,AA,AA,公众企业,C,2018-05-07,调低,0.7127,0.6904,0.8114,0.7248,0.7608,0.4967,0.5965,0.6373,0.6503,0.8266,0.9964,1.3897,1.4171,1.2590,1.2299,0.7694,0.6458,0.5861,0.6582,0.6315,0.6917,0.5791,0.6102,0.2764,0.3015,0.3798,0.4062,0.5071,0.6521,1.0294,0.9497,0.8451,0.8428,0.5770,0.4615,0.4169,0.1458,0.2002,0.1181,0.1157,0.1788,0.1000,0.0864,0.1370,0.1977,0.2136,0.2849,0.6837,0.4373,0.3317,0.2839,0.1710,0.0848,0.0502,3.6249,3.9589,4.0357,3.8980,4.0456,4.1756,3.1560,3.3829,3.5473,3.4794,3.5705,2.4271,2.1945,2.1715,2.2190,2.9349,2.9748,3.2195,45.4797,44.9136,47.2842,45.7295,43.6135,32.3114,44.0196,44.0498,42.5802,49.3688,56.1694,58.0529,61.3425,61.3028,59.8479,40.9882,34.8106,30.3355,,22.3365,,10.4238,,19.6246,,9.2896,,22.7510,,9.4290,,15.7203,,-57.2547,,98.8722
112061.SZ,11超日债,协鑫集成科技股份有限公司,上海,是,28.1000,,到期偿付,2012-03-07,2012-03-09,66.5022,66.5022,67.2156,67.2156,67.2156,67.2156,67.2156,AA,AA,民营企业,C,2014-05-21,调低,0.5258,0.2011,0.3672,1.0101,1.0268,1.1348,1.1247,1.3459,1.3881,1.3129,1.1619,1.3048,1.2409,1.2687,1.2688,1.1922,1.1035,1.1164,0.5142,0.1952,0.3303,0.8504,0.9157,0.9579,1.0597,1.1052,1.1149,1.0997,1.0010,1.1712,1.1005,1.1555,1.1184,1.1205,0.9899,1.0324,0.0123,0.0148,0.0589,0.0426,0.0647,0.1530,0.1954,0.4656,0.2890,0.4394,0.4500,0.5111,0.4964,0.5166,0.5684,0.5194,0.4387,0.5313,-15.0569,-2.1994,-2.4006,8.5924,9.8377,11.2700,10.0807,3.1306,3.2929,3.6500,4.2538,3.8697,4.4651,3.8536,3.8691,3.8610,4.1243,3.6306,34.9067,35.2512,28.9066,0.0000,0.0000,8.8748,6.3897,14.7884,17.4876,15.7555,8.2341,10.4132,8.4680,8.9718,9.7306,5.9245,4.8782,4.9115,,-1.3609,,,,4.1438,,10.0447,,13.8842,,14.9134,,24.8912,,12.2666,,24.0933
1280038.IB,12江泉债,华盛江泉集团有限公司,山东省,否,83.3300,,到期偿付,2012-03-12,2012-03-14,83.9584,83.9584,83.2449,83.2449,81.8411,88.1238,83.9584,AA,AA,集体企业,C,2018-06-26,维持,,0.7341,,0.8609,,0.7148,,0.7292,,0.7098,,0.6705,,0.6552,,0.6578,,0.7031,,0.4400,,0.5105,,0.4822,,0.4727,,0.4199,,0.3885,,0.3806,,0.4064,,0.4378,,0.2737,,0.1705,,0.0712,,0.0199,,0.0377,,0.0202,,0.0756,,0.0392,,0.0488,,2.3939,,2.4008,,2.1651,,3.4742,,3.9345,,5.6708,,5.2397,,4.6947,,3.7578,,24.3085,,25.5740,,28.4531,,23.0307,,23.3170,,23.8519,,23.4435,,16.1320,,16.5620,,11.6264,,5.6722,,,,-33.5394,,,,16.1669,,,,4.2371,,
112072.SZ,12湘鄂债,中科云网科技集团股份有限公司,北京,是,23.1100,,到期偿付,2012-04-05,2012-04-09,88.0880,88.0880,88.2585,88.2585,88.2585,88.2585,88.2585,AA,AA,民营企业,CC,2015-06-26,维持,1.2605,1.6437,1.5791,0.9783,0.7995,0.5125,0.4920,0.9458,0.9033,0.8382,0.8049,0.6982,0.6603,0.8359,0.7954,0.9220,0.8095,0.7582,1.1331,1.4632,1.4042,0.8513,0.6726,0.4249,0.4069,0.9426,0.9003,0.8344,0.7973,0.6913,0.6553,0.8316,0.7874,0.9151,0.8022,0.7512,0.1513,0.2171,0.2062,0.1907,0.0889,0.0448,0.0531,0.1236,0.1168,0.1990,0.1360,0.1632,0.0726,0.1110,0.0705,0.3378,0.0601,0.0291,4.6493,5.1531,2.1610,-12.8705,-7.3948,-5.4430,-4.4599,8.2651,15.2744,26.3073,261.7827,-4.4918,-3.8751,-10.2775,-7.4355,5.6181,8.6915,17.2022,32.1255,41.6502,55.0842,51.8933,49.5899,27.5723,27.4932,0.0000,0.0000,0.0000,0.0000,0.0000,0.0000,0.0000,0.0000,0.0000,0.0000,0.0000,,9.1825,,-1.1262,,-7.2807,,,,,,,,,,,,
041576001.IB,15川煤炭CP001,四川省煤炭产业集团有限责任公司,四川省,否,100.0000,,到期偿付,2015-06-12,2015-06-12,105.2864,105.2864,105.7125,105.7125,105.7125,105.7125,105.7125,A-1,AA+,地方国有企业,D,2016-06-15,调低,0.7419,0.8459,0.8449,0.6798,0.7159,0.7015,0.6862,0.5753,0.5427,0.5088,0.5263,0.3991,0.4124,0.4195,0.4205,0.3752,0.4085,0.4186,0.6433,0.7364,0.7473,0.5786,0.6156,0.6052,0.5752,0.4909,0.4623,0.4358,0.4533,0.3389,0.3432,0.3573,0.3574,0.3171,0.3434,0.3496,0.3496,0.3649,0.3300,0.2978,0.2919,0.2962,0.2582,0.2394,0.1802,0.1622,0.1760,0.1604,0.1505,0.1497,0.1625,0.1688,0.1457,0.1443,4.9750,5.2323,5.5133,6.7599,7.0575,8.1424,8.7981,10.7828,11.5382,14.1743,17.4825,21.9985,20.5357,20.3460,18.5895,20.5167,20.5294,20.0854,46.3108,49.3851,50.7916,47.5421,48.9559,47.6981,46.7684,44.4315,42.8638,41.5245,41.9822,30.4372,29.9314,30.0289,30.5943,26.4269,25.3335,25.6633,59.2793,33.3348,25.1353,19.9245,56.8047,47.4509,41.5217,34.9781,164.2379,82.6902,-121.2029,53.9576,43.7128,15.4473,13.3199,8.6094,37.4547,15.2366
117063.SZ,16神雾E1,神雾科技集团股份有限公司,北京,否,54.3000,,到期偿付,2016-12-15,2016-12-15,90.0000,90.0000,90.0000,90.0000,90.0000,100.5440,101.9560,AA,AA-,中外合资企业,B,2018-08-17,维持,,,,1.2022,,1.2284,,1.2816,,1.4844,,1.7149,,1.5483,,1.2814,,1.2221,,,,0.4949,,0.5139,,0.5356,,0.6847,,1.2187,,1.0639,,0.9273,,0.8728,,,,0.1956,,0.1592,,0.1872,,0.2768,,0.3111,,0.3323,,0.0719,,0.0207,,,,4.8972,,5.3746,,4.6532,,5.7880,,7.3381,,9.0533,,34.5255,,133.6051,,,,9.5673,,14.8864,,15.8938,,24.9882,,35.9426,,31.3951,,24.5455,,18.6245,,,,,,,,8.3723,,,,8.9383,,,,374.7147,,
,,,,,,,,,,,,,,,,,,,,,,,,,,,,,,,,,,,,,,,,,,,,,,,,,,,,,,,,,,,,,,,,,,,,,,,,,,,,,,,,,,,,,,,,,,,,,,,,,,,,,,,,,,,,,,,,,,,,,,,,,,,,,,,,,,
数据来源：Wind,,,,,,,,,,,,,,,,,,,,,,,,,,,,,,,,,,,,,,,,,,,,,,,,,,,,,,,,,,,,,,,,,,,,,,,,,,,,,,,,,,,,,,,,,,,,,,,,,,,,,,,,,,,,,,,,,,,,,,,,,,,,,,,,,,
