证券代码,证券简称,"净利润(同比增长率)
[报告期] 1993一季
[单位] %","净利润(同比增长率)
[报告期] 1993中报
[单位] %","净利润(同比增长率)
[报告期] 1993三季
[单位] %","净利润(同比增长率)
[报告期] 1993年报
[单位] %","净利润(同比增长率)
[报告期] 1994一季
[单位] %","净利润(同比增长率)
[报告期] 1994中报
[单位] %","净利润(同比增长率)
[报告期] 1994三季
[单位] %","净利润(同比增长率)
[报告期] 1994年报
[单位] %","净利润(同比增长率)
[报告期] 1995一季
[单位] %","净利润(同比增长率)
[报告期] 1995中报
[单位] %","净利润(同比增长率)
[报告期] 1995三季
[单位] %","净利润(同比增长率)
[报告期] 1995年报
[单位] %","净利润(同比增长率)
[报告期] 1996一季
[单位] %","净利润(同比增长率)
[报告期] 1996中报
[单位] %","净利润(同比增长率)
[报告期] 1996三季
[单位] %","净利润(同比增长率)
[报告期] 1996年报
[单位] %","净利润(同比增长率)
[报告期] 1997一季
[单位] %","净利润(同比增长率)
[报告期] 1997中报
[单位] %","净利润(同比增长率)
[报告期] 1997三季
[单位] %","净利润(同比增长率)
[报告期] 1997年报
[单位] %","净利润(同比增长率)
[报告期] 1998一季
[单位] %","净利润(同比增长率)
[报告期] 1998中报
[单位] %","净利润(同比增长率)
[报告期] 1998三季
[单位] %","净利润(同比增长率)
[报告期] 1998年报
[单位] %","净利润(同比增长率)
[报告期] 1999一季
[单位] %","净利润(同比增长率)
[报告期] 1999中报
[单位] %","净利润(同比增长率)
[报告期] 1999三季
[单位] %","净利润(同比增长率)
[报告期] 1999年报
[单位] %","净利润(同比增长率)
[报告期] 2000一季
[单位] %","净利润(同比增长率)
[报告期] 2000中报
[单位] %","净利润(同比增长率)
[报告期] 2000三季
[单位] %","净利润(同比增长率)
[报告期] 2000年报
[单位] %","净利润(同比增长率)
[报告期] 2001一季
[单位] %","净利润(同比增长率)
[报告期] 2001中报
[单位] %","净利润(同比增长率)
[报告期] 2001三季
[单位] %","净利润(同比增长率)
[报告期] 2001年报
[单位] %","净利润(同比增长率)
[报告期] 2002一季
[单位] %","净利润(同比增长率)
[报告期] 2002中报
[单位] %","净利润(同比增长率)
[报告期] 2002三季
[单位] %","净利润(同比增长率)
[报告期] 2002年报
[单位] %","净利润(同比增长率)
[报告期] 2003一季
[单位] %","净利润(同比增长率)
[报告期] 2003中报
[单位] %","净利润(同比增长率)
[报告期] 2003三季
[单位] %","净利润(同比增长率)
[报告期] 2003年报
[单位] %","净利润(同比增长率)
[报告期] 2004一季
[单位] %","净利润(同比增长率)
[报告期] 2004中报
[单位] %","净利润(同比增长率)
[报告期] 2004三季
[单位] %","净利润(同比增长率)
[报告期] 2004年报
[单位] %","净利润(同比增长率)
[报告期] 2005一季
[单位] %","净利润(同比增长率)
[报告期] 2005中报
[单位] %","净利润(同比增长率)
[报告期] 2005三季
[单位] %","净利润(同比增长率)
[报告期] 2005年报
[单位] %","净利润(同比增长率)
[报告期] 2006一季
[单位] %","净利润(同比增长率)
[报告期] 2006中报
[单位] %","净利润(同比增长率)
[报告期] 2006三季
[单位] %","净利润(同比增长率)
[报告期] 2006年报
[单位] %","净利润(同比增长率)
[报告期] 2007一季
[单位] %","净利润(同比增长率)
[报告期] 2007中报
[单位] %","净利润(同比增长率)
[报告期] 2007三季
[单位] %","净利润(同比增长率)
[报告期] 2007年报
[单位] %","净利润(同比增长率)
[报告期] 2008一季
[单位] %","净利润(同比增长率)
[报告期] 2008中报
[单位] %","净利润(同比增长率)
[报告期] 2008三季
[单位] %","净利润(同比增长率)
[报告期] 2008年报
[单位] %","净利润(同比增长率)
[报告期] 2009一季
[单位] %","净利润(同比增长率)
[报告期] 2009中报
[单位] %","净利润(同比增长率)
[报告期] 2009三季
[单位] %","净利润(同比增长率)
[报告期] 2009年报
[单位] %","净利润(同比增长率)
[报告期] 2010一季
[单位] %","净利润(同比增长率)
[报告期] 2010中报
[单位] %","净利润(同比增长率)
[报告期] 2010三季
[单位] %","净利润(同比增长率)
[报告期] 2010年报
[单位] %","净利润(同比增长率)
[报告期] 2011一季
[单位] %","净利润(同比增长率)
[报告期] 2011中报
[单位] %","净利润(同比增长率)
[报告期] 2011三季
[单位] %","净利润(同比增长率)
[报告期] 2011年报
[单位] %","净利润(同比增长率)
[报告期] 2012一季
[单位] %","净利润(同比增长率)
[报告期] 2012中报
[单位] %","净利润(同比增长率)
[报告期] 2012三季
[单位] %","净利润(同比增长率)
[报告期] 2012年报
[单位] %","净利润(同比增长率)
[报告期] 2013一季
[单位] %","净利润(同比增长率)
[报告期] 2013中报
[单位] %","净利润(同比增长率)
[报告期] 2013三季
[单位] %","净利润(同比增长率)
[报告期] 2013年报
[单位] %","净利润(同比增长率)
[报告期] 2014一季
[单位] %","净利润(同比增长率)
[报告期] 2014中报
[单位] %","净利润(同比增长率)
[报告期] 2014三季
[单位] %","净利润(同比增长率)
[报告期] 2014年报
[单位] %","净利润(同比增长率)
[报告期] 2015一季
[单位] %","净利润(同比增长率)
[报告期] 2015中报
[单位] %","净利润(同比增长率)
[报告期] 2015三季
[单位] %","净利润(同比增长率)
[报告期] 2015年报
[单位] %","净利润(同比增长率)
[报告期] 2016一季
[单位] %","净利润(同比增长率)
[报告期] 2016中报
[单位] %","净利润(同比增长率)
[报告期] 2016三季
[单位] %","净利润(同比增长率)
[报告期] 2016年报
[单位] %","净利润(同比增长率)
[报告期] 2017一季
[单位] %","净利润(同比增长率)
[报告期] 2017中报
[单位] %","净利润(同比增长率)
[报告期] 2017三季
[单位] %","净利润(同比增长率)
[报告期] 2017年报
[单位] %"
000708.SZ,大冶特钢,,,,,,,,7.9038,,,,-26.6104,,,,4.0361,,,,33.6011,,-35.0338,,-52.8136,,-16.8633,,-44.0440,,-68.3031,,-49.0710,,-1.6985,,-11.2663,,-14.3004,,"-1,769.8931",71.4339,76.4123,282.5337,-193.7515,-23.4204,92.7920,-9.6912,163.2376,-95.7105,-19.8109,-13.6375,197.4971,"3,542.0914",492.3204,433.9897,295.2583,66.2779,-12.8791,-3.7855,1.8786,8.5016,22.4399,18.9612,-37.9283,-64.0845,-46.5150,-30.4516,65.6659,374.5265,161.7364,103.2195,68.8397,10.6675,8.3601,8.1382,4.1019,-48.6087,-40.5942,-53.9097,-62.6929,-31.9022,-41.2403,-19.0994,-7.5884,-18.8184,18.6882,34.9587,32.9243,32.0727,5.4213,-8.8942,0.8714,-5.0948,4.9464,4.0187,8.2427,14.8936,30.0000,30.1640,34.9255
000709.SZ,河钢股份,,,,,,,,,,,,-46.3896,,,,25.5781,,,,17.8230,,3.4728,,1.9932,,2.6187,,29.4528,,29.4527,,20.3143,,11.7949,,51.2750,,-8.4668,,-20.5067,31.0787,9.2313,26.0600,51.8331,67.6727,51.1373,43.7085,49.8587,18.0463,27.0041,-1.5094,-16.4178,-70.5154,4.0760,34.3866,27.2204,396.3052,91.5914,68.5475,72.1305,51.0154,48.4360,35.5557,-14.9671,-90.2636,-95.8016,-87.1598,-62.6091,"1,025.1898","1,439.9983",91.0670,47.7980,-0.4532,16.8967,-1.5675,-19.5365,-38.5031,-61.5623,-71.5236,-90.4376,-90.7166,-82.2576,-65.5393,-1.2820,443.0004,403.0630,306.6108,423.0807,-9.9706,-15.5888,-25.4646,-43.9904,-56.2275,23.1433,118.7099,255.8800,856.0089,248.3424,171.6236,48.6859
000717.SZ,韶钢松山,,,,,,,,,,,,-45.4724,,,,21.1234,,,,55.7923,,-17.8205,,3.1668,,-12.0518,,4.1494,,29.2275,,27.0306,,23.0745,,26.5331,,11.3672,,34.9448,315.8350,180.7438,159.4545,181.2332,25.0675,82.8644,29.4377,-3.4095,-24.1331,-49.0859,-53.2348,-85.6350,-85.4844,-26.0078,-2.2062,211.2504,213.7070,65.1819,68.3601,95.1481,59.1454,-3.8848,-23.8660,-294.7714,-210.5858,-149.1279,-91.8577,105.7522,129.8506,153.5911,-237.8349,-77.4047,-47.2663,-46.8246,138.3295,"-5,534.3195","-1,349.1862","-1,363.0561","-7,300.1669",-71.4609,110.4077,101.4016,107.2065,105.1994,"-1,009.9186","-6,805.5924",-898.2620,"-1,468.1556",-37.0823,-19.5758,-106.5651,-86.9591,46.3769,73.9982,93.6796,103.9078,172.7666,383.9077,"1,652.8448","2,381.1339"
000761.SZ,本钢板材,,,,,,,,,,,,-14.2271,,,,30.6972,,,,1.5850,,-16.4676,,-21.9631,,10.8303,,11.7953,,16.1445,,5.1534,,-20.8264,,-21.4508,,0.4818,,40.0485,142.6920,19.9466,4.6103,36.3221,21.7474,1.7363,26.8124,39.5137,88.3910,162.0207,68.0799,-13.6390,-47.4127,-42.1928,65.5462,157.1830,207.0378,200.2727,37.8351,-2.0882,27.8851,12.2311,14.9121,-89.6300,-89.1037,-189.6050,-201.1937,"-1,035.9696",749.2534,175.6805,160.0123,159.8840,-18.1036,-13.5419,-9.3653,-14.0245,-71.1624,-75.6624,-83.4021,-91.2695,16.1034,14.6589,113.9181,241.5275,9.6100,3.1901,-19.4275,12.6781,-14.2959,-23.3573,-28.3629,"-1,129.2806",-53.6090,42.2880,254.2527,125.4705,554.4007,156.8971,117.2487,94.9584
000778.SZ,新兴铸管,,,,,,,,,,,,-13.4426,,,,-5.7261,,,,22.0659,,5.7188,,13.2709,,38.4821,,27.3616,,27.3545,,23.2251,,26.3942,,44.7319,,29.7294,,10.8609,3.4866,21.3656,39.1808,29.0786,46.8740,25.2321,12.5190,18.0630,22.0194,1.4032,-6.4932,-13.9354,-33.7032,-17.4688,-14.7331,-7.6540,17.3700,25.1811,25.6046,30.6088,21.9852,32.6801,32.6135,-2.9894,-21.0822,9.7033,34.9193,43.9873,72.9845,22.3682,16.6397,38.7157,31.5260,23.6799,20.3214,13.5979,1.8468,-9.7613,-27.4809,-13.5936,-14.4403,-42.3344,-44.4029,-28.5278,-38.5507,-12.9842,1.5990,-48.5953,-94.1939,-36.6381,-65.0857,-16.1094,-22.1912,-27.1849,22.8838,-3.5416,"1,948.3310",139.4400,222.6887,136.5471
000825.SZ,太钢不锈,,,,,,,,,,,,,,,,-16.5974,,,,-8.6026,,,,62.5936,,,,48.3451,,16.2229,,3.2914,,13.0679,,1.9911,,-7.6237,,5.8871,52.7378,58.1319,82.7684,109.0326,154.2596,92.8099,62.0010,59.1312,26.5626,16.2706,1.7820,-24.2450,-53.9458,26.9423,89.9118,205.0592,749.5153,290.5890,156.6665,72.4977,-25.4522,-22.4171,-29.4174,-72.1428,-176.3959,-131.9357,-99.1890,-26.6631,162.4128,218.3145,"4,611.1116",53.2654,-0.2116,2.6280,25.5575,30.4272,-67.4779,-61.9971,-51.3148,-44.1919,37.9949,-25.1043,-45.2304,-50.0141,-43.4621,9.1157,24.0959,-44.3847,-98.9328,-90.1120,-299.7409,"-1,478.2604","-47,596.3119",829.4458,190.6982,126.7039,149.9131,172.3600,172.6173,325.4963
000898.SZ,鞍钢股份,,,,,,,,,,,,-47.2399,,,,119.0285,,,,15.6864,,-57.8660,,-75.7637,,-34.0044,,135.3149,,235.5129,,68.1478,,-15.1275,,-17.9724,,-3.2165,6.5660,47.2689,356.6971,224.9476,134.4939,140.9364,6.4401,12.1851,31.9829,23.9957,114.9867,75.6072,43.3984,17.0659,87.2814,154.3774,206.2407,229.2448,111.6711,54.5191,25.1572,9.9343,2.0468,24.4796,25.6738,-60.3213,-99.6735,-126.1371,-96.0015,-76.9876,"57,500.0000",276.5195,666.6667,184.2566,-95.9201,-94.7807,-95.1779,-219.5897,"-4,219.1489","-1,544.4444","-2,833.6066",-87.8216,127.1694,133.0769,122.4888,117.7563,-45.6274,-16.1337,22.9333,22.3841,-93.7063,-73.8302,-196.9631,-597.8355,"-3,516.6667",96.6887,208.1655,135.1087,275.1220,516.4983,240.9514,247.4923
000932.SZ,华菱钢铁,,,,,,,,,,,,,,,,,,,,1.9098,,,,-1.8157,,,,28.3661,,-37.2240,,26.4893,,81.4145,,50.7588,,23.1288,15.6642,9.8749,53.4585,43.6196,42.4029,43.0531,61.7593,34.6109,26.8209,36.4532,44.3097,36.9366,2.9045,-37.2703,-76.4164,-44.6271,-1.7844,94.8278,264.2286,100.3390,66.0382,47.0794,-192.9691,-3.9426,-2.6680,-47.0589,-22.7015,-173.3445,-123.5574,-90.4830,25.0996,26.4543,-403.3769,"-2,740.6550",29.2638,49.7305,87.3029,102.6685,-263.7561,-551.5663,"-1,308.3831","-4,835.8119",49.9145,72.5687,90.2094,104.2581,52.0718,110.3294,129.9392,-0.6180,-22.2788,-648.3712,"-2,008.8797","-2,842.3912",-405.9245,-525.3225,-6.9396,61.3614,130.5038,186.1838,304.5032,441.0496
000959.SZ,首钢股份,,,,,,,,,,,,,,,,,,,,8.0319,,,,38.7783,,,,-13.0892,,13.9746,,5.1699,,0.3094,,20.8069,,-12.4354,,-3.4295,-41.0795,-22.4943,4.6282,21.4734,76.5692,47.4072,31.2237,27.7420,6.0835,-2.6023,-8.5808,-29.0786,-70.7433,-41.2119,-42.1421,-41.8832,61.7243,33.8189,23.0886,39.3762,49.4889,48.0996,8.6169,-41.9016,-75.4249,-93.4676,-38.0558,-14.1806,32.9199,93.4668,-26.5829,-23.5576,-70.1544,217.8039,-94.2465,-183.8747,"-1,162.8302",-310.7902,"-3,366.7829",-174.2487,6.5906,29.6296,0.1440,36.0524,63.0676,78.7957,83.1594,-104.6423,"-3,259.7984",-936.7796,"-1,310.9237","-5,068.6064",-45.0428,112.3329,131.9507,132.1272,186.7507,"3,853.1114","1,077.9468",558.8608
002075.SZ,沙钢股份,,,,,,,,,,,,,,,,,,,,,,,,,,,,,,,,,,,,,,,,,,,,,,,,79.9405,,,,18.7128,,,66.6696,32.9007,130.9354,6.2197,1.5754,-477.9870,-548.6730,-411.8184,-512.1671,-183.5606,43.3603,11.1634,5.2280,68.3906,-17.8067,75.4018,49.1189,236.6601,-16.3827,-41.1160,-21.0891,-26.5279,-87.3328,-84.0271,-111.1443,-97.3123,-75.7370,-76.5701,146.2576,181.9880,29.5703,491.5918,303.3402,69.9403,33.6393,-170.0038,-187.1458,-286.2820,-44.7957,344.4553,377.2154,435.4451,"3,806.4952",218.6169,198.7558,226.2923
002110.SZ,三钢闽光,,,,,,,,,,,,,,,,,,,,,,,,,,,,,,,,,,,,,,,,,,,,,,,,-35.9025,,,,-66.7213,,,133.2762,150.9720,98.6776,11.3245,2.5108,34.5225,90.8510,151.5165,82.4540,-93.0232,-177.9590,-153.3926,-99.2587,21.3247,128.4720,125.6636,"1,798.1881",160.0949,34.2665,108.0936,212.7381,130.3535,-94.1534,-89.8782,-207.4515,-185.0658,648.1486,-302.2327,94.9546,125.0182,-284.1465,-39.1470,-41.1150,-40.7167,-277.2285,-522.3765,"-3,320.8062","-3,006.2842",124.5891,233.8815,180.7653,199.7737,843.8830,199.8839,373.0272,330.6072
002318.SZ,久立特材,,,,,,,,,,,,,,,,,,,,,,,,,,,,,,,,,,,,,,,,,,,,,,,,,,,,,,,,,,,,86.1879,,,,-1.2148,,,8.4150,16.1897,-17.2152,-27.0014,-25.8328,-19.7876,43.5815,58.3064,60.9859,45.3001,25.1871,10.8212,23.3055,29.6105,45.2820,37.1176,35.1171,37.2767,10.0257,1.8709,-5.7114,-15.2087,-40.4115,-32.7481,-30.2149,-39.7101,-21.8705,-14.1502,-8.6644,40.5531,0.1370,7.2174,1.9312,-18.8730
002443.SZ,金洲管道,,,,,,,,,,,,,,,,,,,,,,,,,,,,,,,,,,,,,,,,,,,,,,,,,,,,,,,,,,,,,,,,62.8822,,,,19.3704,-0.6673,-8.4568,-19.1182,-27.8216,-36.7452,-33.7800,-12.7771,-16.0530,27.2069,64.6106,49.3185,61.0336,49.4062,29.2725,24.6560,9.6478,-63.5312,-43.2117,-45.9267,-35.2590,21.7870,43.6253,51.4988,26.8613,-13.3939,-6.0774,-49.9115,-31.5732,-33.1893,-19.8764,185.9083,168.1569
002478.SZ,常宝股份,,,,,,,,,,,,,,,,,,,,,,,,,,,,,,,,,,,,,,,,,,,,,,,,,,,,,,,,,,,,,,,,99.2447,,,,-24.9165,,,-10.1301,-4.9148,30.3829,12.5646,18.6520,25.0848,2.3607,-11.8773,-15.1229,-21.2532,1.0800,5.3490,17.4746,12.5141,17.8535,16.3522,5.6475,9.0872,-16.2821,-19.6955,-17.8937,-20.1442,-36.5317,-34.3138,-42.8044,-42.6198,-18.9209,5.3096,5.6390,23.8141
002756.SZ,永兴特钢,,,,,,,,,,,,,,,,,,,,,,,,,,,,,,,,,,,,,,,,,,,,,,,,,,,,,,,,,,,,101.6920,,,,82.6588,,,,-25.0804,,,,18.1888,,,,-2.6548,,,,-2.4199,,,,2.5077,,,,13.9833,-6.2804,-20.4236,-13.9008,-16.1055,4.1253,8.3585,8.7527,14.4451,21.2458,25.8360,26.6245,38.5696
200761.SZ,本钢板B,,,,,,,,,,,,-14.2271,,,,30.6972,,,,1.5850,,-16.4676,,-21.9631,,10.8303,,11.7953,,16.1445,,5.1534,,-20.8264,,-21.4508,,0.4818,,40.0485,142.6920,19.9466,4.6103,36.3221,21.7474,1.7363,26.8124,39.5137,88.3910,162.0207,68.0799,-13.6390,-47.4127,-42.1928,65.5462,157.1830,207.0378,200.2727,37.8351,-2.0882,27.8851,12.2311,14.9121,-89.6300,-89.1037,-189.6050,-201.1937,"-1,035.9696",749.2534,175.6805,160.0123,159.8840,-18.1036,-13.5419,-9.3653,-14.0245,-71.1624,-75.6624,-83.4021,-91.2695,16.1034,14.6589,113.9181,241.5275,9.6100,3.1901,-19.4275,12.6781,-14.2959,-23.3573,-28.3629,"-1,129.2806",-53.6090,42.2880,254.2527,125.4705,554.4007,156.8971,117.2487,94.9584
600010.SH,包钢股份,,,,,,,,,,,,,,,,,,,,,,,,-6.7908,,,,4.1758,,,,14.7709,,18.7372,-5.9146,-11.1574,,-21.9451,-11.7243,19.0036,54.5901,50.6986,53.1143,85.1641,35.6612,53.6412,49.2659,15.2649,48.1993,109.2616,51.3863,14.6142,-65.7476,-57.2007,-50.9012,-33.7031,120.6175,46.2281,110.2216,161.7485,159.8885,143.5768,20.5671,-47.3021,-122.0344,-167.6373,-126.2277,-277.0877,145.0725,150.3054,253.8868,112.0742,97.1535,-2.2436,26.2269,64.8220,-89.3512,-83.5785,-87.4008,-48.0005,-53.1581,-62.4488,-47.4057,-37.1660,-116.9878,-76.0496,-74.0081,-19.0469,136.8755,"-1,882.7538",-270.2179,-383.3047,-442.2988,106.7519,115.8927,102.5780,135.1229,"5,116.3949",558.3083,"2,309.0349"
600019.SH,宝钢股份,,,,,,,,,,,,,,,,,,,,,,,,-45.0181,,,,83.7830,,,,31.5253,,12.1502,,-14.4010,,-15.6886,,66.7934,211.8303,182.5289,101.6750,63.2707,49.9058,26.7313,34.7466,35.3396,20.7615,51.7094,45.6011,32.7820,-52.9326,-35.5366,-7.4684,8.5083,168.8016,83.9710,15.2859,-1.3090,13.5407,16.5745,16.3555,-50.8212,-97.3854,-92.0606,-68.2108,-7.6638,"3,740.6311",978.0124,174.0353,119.2034,-21.0235,-35.9807,-39.0473,-42.0133,-60.6176,81.8843,62.3330,34.8659,32.4950,-60.6228,-55.2731,-39.3254,-5.4042,-12.7993,9.1778,0.8337,3.1845,-0.9582,-56.1475,-88.2760,-6.0117,9.9470,151.0297,"1,325.8437",165.2926,73.0338,102.0096,118.4714
600022.SH,山东钢铁,,,,,,,,,,,,,,,,,,,,,,,,,,,,,,,,,,,,,,,,50.8202,,,,63.9160,,55.2593,37.9116,37.8810,114.0282,74.6686,35.1382,-1.1968,-80.7186,-49.7852,-18.6453,4.2477,321.1410,83.5588,47.5058,59.9129,32.5694,57.7452,46.0303,-59.9903,-257.6340,-167.5793,-134.2930,-91.1336,110.6184,123.3106,102.7137,23.5423,-71.3746,-90.2166,299.8311,-32.5210,-392.4383,-334.8923,-422.1695,-750.8715,100.7800,81.0106,93.6180,104.2719,"-12,069.1589",-319.9774,-691.0581,-950.5798,48.9320,101.2068,21.7942,106.3660,-70.5360,412.8649,107.5753,-630.9779,244.3245,"1,019.3688","1,523.2674",464.4314
600117.SH,西宁特钢,,,,,,,,,,,,-37.9623,,,,25.5375,,,,5.1604,,,,1.1976,,50.5133,,7.8831,,-8.2832,,-23.6764,,-32.2736,,11.4265,,35.5488,,27.2671,39.2744,17.9000,12.0162,-20.3053,54.1137,2.7099,0.9039,24.0699,8.1359,27.1114,29.0486,29.5931,18.3160,44.9511,63.6672,80.9218,117.0616,115.9510,90.4915,79.7601,224.3403,146.3218,94.3345,-24.8909,-99.5476,-99.1460,-95.2809,-81.1222,"6,669.4321","2,797.8000",583.9059,418.2131,177.2437,184.7173,142.9300,48.6895,-93.5949,-68.7205,-86.4101,-81.1166,416.5548,-18.7431,-23.7323,-141.1436,-259.3644,-233.3204,-334.6545,-41.7233,6.9260,-106.8975,-396.4264,"-2,421.4190",-255.4440,-66.2404,23.7268,102.5254,103.0630,101.7373,59.4780,77.8802
600126.SH,杭钢股份,,,,,,,,,,,,-64.6512,,,,4.3261,,,,35.2982,,,,37.4369,,16.7822,,44.6695,,83.9119,,69.0774,,6.3932,,-9.1341,,-29.9481,,-18.0665,121.1293,74.3703,73.6104,89.5112,70.5033,39.1873,20.6683,27.3952,-43.5087,-47.1844,-47.1944,-65.5163,-81.5968,-35.8359,-26.1729,-1.9752,234.9669,68.3767,67.1652,61.7577,73.0698,62.8562,34.4607,-84.7360,-86.3615,-90.6860,-70.3664,198.0673,525.5834,484.9513,71.3645,113.2741,19.9353,28.2628,51.3256,-10.5395,-87.3549,-143.9078,-195.5073,-211.3478,94.3160,35.7205,94.1382,111.4057,-137.1419,124.6369,188.4722,-41.6054,-379.7205,"-1,966.4061","-2,617.6512","-4,584.4084",390.1067,247.2288,205.8768,141.3300,83.7858,5.5826,123.9318,145.8894
600231.SH,凌钢股份,,,,,,,,,,,,,,,,,,,,,,,,-8.0925,,,,41.7439,,4.6587,,28.7511,,-27.3052,-15.3979,16.9399,,30.1539,50.7714,24.4799,631.7637,214.9884,135.3699,116.1048,35.2860,-10.4334,2.9759,3.9639,15.9681,71.9381,9.3346,-29.0335,-86.8667,-45.7536,-22.0290,13.6405,331.5448,27.9901,1.7246,13.5319,8.8852,38.4656,9.7509,-37.2897,-128.5483,-105.2557,-65.5450,-11.7648,182.8663,"1,171.6754",116.5423,99.9105,35.4402,-4.2172,-11.1050,-73.8465,-363.1218,-188.4196,-69.9319,-72.0515,81.1745,115.9177,-58.5624,75.3045,-449.2888,-830.5088,-612.2587,"-1,032.6423",21.3172,47.3452,32.5060,106.6831,13.5986,43.8669,107.9038,181.2510,227.3351,608.0763,"7,120.6885",801.0108
600282.SH,南钢股份,,,,,,,,,,,,,,,,,,,,,,,,4.1088,,,,7.7866,,,,41.4934,,76.9318,,2.3331,,-5.8961,4.8051,17.9300,215.5769,63.0442,74.6131,101.3276,132.9496,50.1298,19.7455,6.8783,-30.8780,0.3736,-8.8050,-21.5928,-79.1109,-60.2296,-32.8927,-4.7929,613.9969,283.4685,188.6589,163.9337,-13.0786,10.2830,-12.5589,-88.0484,-93.9534,-89.4816,-83.1394,13.7561,286.7063,79.8511,4.6280,57.7982,9.3866,14.9106,18.1615,-64.5251,-70.1330,-87.2018,-169.0665,-270.0917,-83.1476,-186.0894,94.2950,-8.3970,-22.2521,281.3159,"2,409.7887",147.2497,349.7977,-70.0907,-333.7946,-932.2658,-85.5521,315.5456,147.9425,114.5891,"4,997.9314",747.2652,823.5457,858.2508
600307.SH,酒钢宏兴,,,,,,,,,,,,,,,,,,,,,,,,16.8091,,,,-22.5856,,,,22.0052,,-23.3913,,66.0503,,34.8024,,-14.0888,177.0388,132.2130,113.2772,107.1406,97.4774,36.2055,45.7837,29.1051,1.8101,5.1986,-15.6054,-32.5596,-72.9390,-43.1957,-25.8792,-5.7637,26.0036,49.9285,40.5044,64.0907,32.4600,3.4777,-22.7424,-95.7706,-89.2716,-89.1408,-70.9525,36.6693,326.9573,265.6869,205.6173,186.8032,127.1337,106.1537,65.8253,63.2159,-56.5453,-59.3530,-70.9000,-68.7313,-13.1191,-48.9921,-53.5490,-474.2575,-338.2394,-241.4628,-162.1209,100.9396,14.4066,-363.7196,"-2,250.0113","-33,326.6081",27.0123,114.2555,112.4807,100.2931,180.8513,56.4801,36.5809,"1,489.0614"
600399.SH,*ST抚钢,,,,,,,,,,,,,,,,,,,,,,,,-38.8806,,,,47.8160,,,,8.3782,,27.5438,8.6463,28.4321,,-45.5509,-40.8862,-58.0278,-75.0454,-62.7480,-67.3352,-58.1425,125.5237,18.7319,5.9815,-27.9764,-29.4549,8.9491,6.2189,9.0239,7.6050,-30.9012,-13.2961,24.8474,19.8681,25.9349,42.3672,53.0116,5.1853,39.3950,36.6209,46.4752,-38.9122,-47.9658,-46.6842,-23.4463,23.1483,28.7590,25.5772,17.0662,12.0436,10.3067,9.8136,-17.7296,-14.4960,-16.5267,-24.0902,-20.0340,9.1969,4.4547,7.6524,13.1561,16.6389,28.7795,42.6565,-633.5166,919.5668,803.3223,714.1832,10.3422,-19.3455,-20.5123,-28.3323,-122.4172,-35.7960,-42.7021,-48.8967,"-2,932.9340"
600507.SH,方大特钢,,,,,,,,,,,,,,,,,,,,,,,,,,,,,,,,385.1546,,,,46.9565,,,,21.7039,,7.5302,8.2731,44.4113,48.0119,104.7001,64.2434,49.5328,13.5894,-21.6474,-18.5936,-47.7772,-122.0560,-52.8311,-14.7523,75.4533,"1,047.8137",603.9651,327.2278,306.0571,-254.9189,-90.2280,-95.9383,-94.4751,39.5584,-255.2110,521.7533,151.4733,269.4075,748.3589,367.0190,746.7912,56.3197,197.9227,155.4409,144.6283,-9.7450,-43.0157,-32.4750,-30.0172,51.6914,39.5696,46.7899,8.8411,24.6223,10.6500,-0.4972,2.4209,-60.2678,-54.0924,-65.3760,-80.6591,-3.3741,80.1906,192.9552,505.2848,335.8376,162.1678,220.7027,267.3815
600569.SH,安阳钢铁,,,,,,,,,,,,,,,,,,,,,,,,,,,,6.1548,,,,56.4708,,,,-4.3742,,-9.8367,,14.1425,107.7905,92.2948,63.0673,53.4315,19.6510,9.4883,-4.2816,-11.2051,-5.2663,-15.7793,-20.7075,-40.8367,-89.3964,-43.2543,-5.9471,41.6709,721.8599,97.4307,49.0022,76.8901,12.1474,25.9636,-1.6649,-89.3372,-237.9971,-165.3535,-135.5462,4.5236,104.5013,114.4999,128.3427,-41.7785,21.2990,32.9566,43.6925,-54.9448,"-2,105.4325","-2,064.2306","-2,507.9823","-10,288.7114",-11.0991,58.1979,84.5689,101.1427,108.4251,107.6920,114.4953,-16.4611,-400.4273,-934.4888,"-2,408.3898","-7,724.7490",-77.0185,123.8255,110.5736,104.2504,-15.1134,-71.8090,627.0188,"1,382.1891"
600581.SH,八一钢铁,,,,,,,,,,,,,,,,,,,,,,,,,,,,94.7138,,,,953.3099,,,,73.0936,,-64.7101,-53.0021,-24.3312,,103.2346,73.9422,101.1462,477.0316,109.2349,74.8542,35.9725,-29.3796,-9.2967,-25.2926,-43.9025,-145.5530,-72.3473,-57.1950,-37.3395,185.2542,117.1431,118.7604,159.6680,198.3816,205.4828,100.8188,-73.9597,-184.9964,-144.2512,-110.1034,6.0528,249.0886,280.2744,"1,033.8451",353.5901,12.8994,18.7298,14.1519,-3.6336,-90.0164,-51.1254,-87.4150,-67.9625,976.7116,-58.6492,573.7598,228.9077,-424.7711,"-1,294.3545","-1,238.4320","-6,195.3897",-126.7625,-12.6927,-39.3548,-23.2944,-6.3038,61.3121,68.0859,101.4790,220.0550,227.9334,256.7964,"3,047.8638"
600782.SH,新钢股份,,,,,,,,57.4071,,,,-41.5126,,,,-7.0565,,15.0127,,5.3338,,-59.1142,,-15.8970,,50.1497,,-23.9411,,-25.3678,,79.5325,,51.4818,,-1.6627,,5.9643,-9.3956,4.1548,-41.7310,-7.3933,-16.2671,-14.3962,71.5874,-12.2206,-4.7512,20.7677,119.0182,58.4057,56.5570,10.9420,-46.1541,39.2994,48.6394,321.9333,43.8780,11.5921,16.3861,130.3695,750.4722,810.1113,669.2538,128.5378,-86.1717,-90.4821,-78.0864,-76.0488,424.8311,521.0578,106.2525,104.6832,-0.4372,-19.0329,1.3426,-52.7042,-282.4553,-267.2237,-340.4795,-667.7644,55.7922,41.5925,78.1929,111.8392,83.1867,96.3399,192.6196,248.4617,-509.3738,"-1,540.7296",-258.5891,-87.2830,14.1990,179.0837,209.2093,841.3273,377.3813,457.8519,427.2486,517.7378
600808.SH,马钢股份,,,,90.4036,,,,-3.7082,,-93.2243,,-94.2353,,-12.5428,,87.8776,,-53.4461,,-24.0781,,-44.1198,,-372.5342,,-748.5171,,107.8073,,207.5068,,"1,242.5434",,105.1450,,18.3862,,26.2646,,84.4757,639.5579,480.1566,570.1327,626.8073,207.2922,141.3344,70.0571,28.4249,-30.0546,-7.8762,-5.8750,-19.5043,-70.6791,-48.9691,-37.1940,-14.8656,80.7363,3.5039,-4.0694,4.7584,39.7023,103.5905,87.2244,-71.6150,-213.3341,-132.0161,-96.6079,-26.9906,160.7311,245.7375,943.8094,123.2038,-76.2108,-65.6932,-62.1216,-84.0974,-461.7432,-606.2292,-841.9402,"-1,967.1655",19.2664,82.7588,90.4496,105.4712,-26.9385,-136.2102,-20.4193,26.9856,-39.8511,-78.1679,-678.2064,"-2,033.1689",41.2880,131.6781,127.5546,124.6194,356.9708,341.8781,332.8088,303.6172
601003.SH,柳钢股份,,,,,,,,,,,,,,,,,,,,,,,,,,,,,,,,,,,,,,,,,,,,,,,,32.7290,,,,-44.6670,,,,48.1391,456.7744,32.8848,,31.8199,-68.8670,-39.5456,-69.8998,-98.4463,-866.2329,-249.1470,-60.4078,"1,641.2455",109.1908,189.6503,437.6600,133.5748,114.7910,-39.6374,-40.3249,-42.6040,-89.8788,-99.2119,-163.2566,-66.1604,702.2017,"-4,781.2755",98.5495,76.7762,43.1450,338.3760,"8,032.4767",-22.1408,-393.8311,-415.7710,-582.8887,-804.9541,104.4429,112.5089,112.5442,116.5152,"1,214.1745",400.8123,915.4892,"1,247.0792"
601005.SH,重庆钢铁,,,,,,,,,,,,,,,,,,,,,,,,,,,,,,,,,,,,,,,,,,,,,,,,-12.0450,,,,-69.7472,,,,18.1781,,,149.5742,46.4471,51.6445,83.3601,96.5321,33.1789,-89.3580,-93.4657,-95.5614,-85.9553,52.1877,-99.8514,-80.9663,-89.0650,-85.1858,123.4177,87.9268,"-13,153.0169","-3,021.2888","-4,689.4901","-5,971.2959",106.7191,-149.9905,-72.2093,-45.2351,"-2,628.2701",13.5373,15.2997,6.8683,102.0665,-108.9216,-135.6599,-102.2475,"-11,693.4125",-19.7038,19.6275,3.4010,21.7381,40.1563,44.2102,71.4378,106.8252
603878.SH,武进不锈,,,,,,,,,,,,,,,,,,,,,,,,,,,,,,,,,,,,,,,,,,,,,,,,,,,,,,,,,,,,,,,,,,,,,,,,,,,,,,,,14.5410,,,,57.5961,,,,-20.1963,,,,-7.5441,,,,-9.8081,448.8005,23.0015,4.0179,4.3628
,,,,,,,,,,,,,,,,,,,,,,,,,,,,,,,,,,,,,,,,,,,,,,,,,,,,,,,,,,,,,,,,,,,,,,,,,,,,,,,,,,,,,,,,,,,,,,,,,,,,,
数据来源：Wind,,,,,,,,,,,,,,,,,,,,,,,,,,,,,,,,,,,,,,,,,,,,,,,,,,,,,,,,,,,,,,,,,,,,,,,,,,,,,,,,,,,,,,,,,,,,,,,,,,,,,
