"","证券代码","申万一级行业","净利润..报告期..1993一季..报表类型..合并报表..单位..元","净利润..报告期..1993中报..报表类型..合并报表..单位..元","净利润..报告期..1993三季..报表类型..合并报表..单位..元","净利润..报告期..1993年报..报表类型..合并报表..单位..元","净利润..报告期..1994一季..报表类型..合并报表..单位..元","净利润..报告期..1994中报..报表类型..合并报表..单位..元","净利润..报告期..1994三季..报表类型..合并报表..单位..元","净利润..报告期..1994年报..报表类型..合并报表..单位..元","净利润..报告期..1995一季..报表类型..合并报表..单位..元","净利润..报告期..1995中报..报表类型..合并报表..单位..元","净利润..报告期..1995三季..报表类型..合并报表..单位..元","净利润..报告期..1995年报..报表类型..合并报表..单位..元","净利润..报告期..1996一季..报表类型..合并报表..单位..元","净利润..报告期..1996中报..报表类型..合并报表..单位..元","净利润..报告期..1996三季..报表类型..合并报表..单位..元","净利润..报告期..1996年报..报表类型..合并报表..单位..元","净利润..报告期..1997一季..报表类型..合并报表..单位..元","净利润..报告期..1997中报..报表类型..合并报表..单位..元","净利润..报告期..1997三季..报表类型..合并报表..单位..元","净利润..报告期..1997年报..报表类型..合并报表..单位..元","净利润..报告期..1998一季..报表类型..合并报表..单位..元","净利润..报告期..1998中报..报表类型..合并报表..单位..元","净利润..报告期..1998三季..报表类型..合并报表..单位..元","净利润..报告期..1998年报..报表类型..合并报表..单位..元","净利润..报告期..1999一季..报表类型..合并报表..单位..元","净利润..报告期..1999中报..报表类型..合并报表..单位..元","净利润..报告期..1999三季..报表类型..合并报表..单位..元","净利润..报告期..1999年报..报表类型..合并报表..单位..元","净利润..报告期..2000一季..报表类型..合并报表..单位..元","净利润..报告期..2000中报..报表类型..合并报表..单位..元","净利润..报告期..2000三季..报表类型..合并报表..单位..元","净利润..报告期..2000年报..报表类型..合并报表..单位..元","净利润..报告期..2001一季..报表类型..合并报表..单位..元","净利润..报告期..2001中报..报表类型..合并报表..单位..元","净利润..报告期..2001三季..报表类型..合并报表..单位..元","净利润..报告期..2001年报..报表类型..合并报表..单位..元","净利润..报告期..2002一季..报表类型..合并报表..单位..元","净利润..报告期..2002中报..报表类型..合并报表..单位..元","净利润..报告期..2002三季..报表类型..合并报表..单位..元","净利润..报告期..2002年报..报表类型..合并报表..单位..元","净利润..报告期..2003一季..报表类型..合并报表..单位..元","净利润..报告期..2003中报..报表类型..合并报表..单位..元","净利润..报告期..2003三季..报表类型..合并报表..单位..元","净利润..报告期..2003年报..报表类型..合并报表..单位..元","净利润..报告期..2004一季..报表类型..合并报表..单位..元","净利润..报告期..2004中报..报表类型..合并报表..单位..元","净利润..报告期..2004三季..报表类型..合并报表..单位..元","净利润..报告期..2004年报..报表类型..合并报表..单位..元","净利润..报告期..2005一季..报表类型..合并报表..单位..元","净利润..报告期..2005中报..报表类型..合并报表..单位..元","净利润..报告期..2005三季..报表类型..合并报表..单位..元","净利润..报告期..2005年报..报表类型..合并报表..单位..元","净利润..报告期..2006一季..报表类型..合并报表..单位..元","净利润..报告期..2006中报..报表类型..合并报表..单位..元","净利润..报告期..2006三季..报表类型..合并报表..单位..元","净利润..报告期..2006年报..报表类型..合并报表..单位..元","净利润..报告期..2007一季..报表类型..合并报表..单位..元","净利润..报告期..2007中报..报表类型..合并报表..单位..元","净利润..报告期..2007三季..报表类型..合并报表..单位..元","净利润..报告期..2007年报..报表类型..合并报表..单位..元","净利润..报告期..2008一季..报表类型..合并报表..单位..元","净利润..报告期..2008中报..报表类型..合并报表..单位..元","净利润..报告期..2008三季..报表类型..合并报表..单位..元","净利润..报告期..2008年报..报表类型..合并报表..单位..元","净利润..报告期..2009一季..报表类型..合并报表..单位..元","净利润..报告期..2009中报..报表类型..合并报表..单位..元","净利润..报告期..2009三季..报表类型..合并报表..单位..元","净利润..报告期..2009年报..报表类型..合并报表..单位..元","净利润..报告期..2010一季..报表类型..合并报表..单位..元","净利润..报告期..2010中报..报表类型..合并报表..单位..元","净利润..报告期..2010三季..报表类型..合并报表..单位..元","净利润..报告期..2010年报..报表类型..合并报表..单位..元","净利润..报告期..2011一季..报表类型..合并报表..单位..元","净利润..报告期..2011中报..报表类型..合并报表..单位..元","净利润..报告期..2011三季..报表类型..合并报表..单位..元","净利润..报告期..2011年报..报表类型..合并报表..单位..元","净利润..报告期..2012一季..报表类型..合并报表..单位..元","净利润..报告期..2012中报..报表类型..合并报表..单位..元","净利润..报告期..2012三季..报表类型..合并报表..单位..元","净利润..报告期..2012年报..报表类型..合并报表..单位..元","净利润..报告期..2013一季..报表类型..合并报表..单位..元","净利润..报告期..2013中报..报表类型..合并报表..单位..元","净利润..报告期..2013三季..报表类型..合并报表..单位..元","净利润..报告期..2013年报..报表类型..合并报表..单位..元","净利润..报告期..2014一季..报表类型..合并报表..单位..元","净利润..报告期..2014中报..报表类型..合并报表..单位..元","净利润..报告期..2014三季..报表类型..合并报表..单位..元","净利润..报告期..2014年报..报表类型..合并报表..单位..元","净利润..报告期..2015一季..报表类型..合并报表..单位..元","净利润..报告期..2015中报..报表类型..合并报表..单位..元","净利润..报告期..2015三季..报表类型..合并报表..单位..元","净利润..报告期..2015年报..报表类型..合并报表..单位..元","净利润..报告期..2016一季..报表类型..合并报表..单位..元","净利润..报告期..2016中报..报表类型..合并报表..单位..元","净利润..报告期..2016三季..报表类型..合并报表..单位..元","净利润..报告期..2016年报..报表类型..合并报表..单位..元","净利润..报告期..2017一季..报表类型..合并报表..单位..元","净利润..报告期..2017中报..报表类型..合并报表..单位..元","净利润..报告期..2017三季..报表类型..合并报表..单位..元","净利润..报告期..2017年报..报表类型..合并报表..单位..元"
"97","000428.SZ","休闲服务","","","","11,608,541.0000","","",NA,"18,317,672.0000","","","","18,780,411.0000","6,370,534.0000","13,000,880.6600","","61,311,994.6000","","35,503,125.9000",NA,"79,283,263.8700","","27,930,142.5800","","53,431,469.5000","","16,477,681.8900",NA,"35,791,183.7000","","18,416,748.5300","","39,136,691.3500","","26,874,055.7500","","52,183,522.9200","10,036,010.0000","25,177,257.4600","32,221,346.5700","37,141,507.4300","10,798,283.9900","13,138,255.6300","21,355,808.6000","25,752,109.1600","6,767,523.2400","15,975,025.4700","23,225,634.1200","34,930,279.2900","5,575,998.3800","14,253,465.5600","16,017,301.9600","13,145,267.9100","5,432,628.1700","21,998,707.9900","41,053,468.9200","91,989,544.6600","20,270,955.5300","119,566,334.4600","141,612,189.2400","171,644,106.9300","19,334,775.3600","112,382,847.8200","112,148,675.0500","132,620,600.1500","41,222,111.3800","81,848,254.8500","98,488,105.4500","153,171,310.7700","19,415,495.0300","86,232,778.8700","119,838,321.5700","143,497,744.2800","22,778,988.6800","51,139,808.8800","87,228,062.0700","133,494,528.9000","24,406,471.0100","49,181,805.6000","101,915,421.1600","116,424,279.5400","24,059,020.6000","63,992,502.9400","153,210,198.2900","111,332,397.5500","-31,763,624.6000","-38,584,240.5000","14,259,964.5100","-95,965,834.2700","-51,977,788.5500","25,271,198.7100","12,105,581.7300","-34,992,299.7000","-82,619,446.2500","-133,976,571.6200","-196,521,481.1900","-437,805,998.1200","-92,692,968.3700","-144,954,951.0000","-226,181,957.2900","-70,695,402.2700"
"99","000430.SZ","休闲服务","","","","3,637,402.9700","","",NA,"11,000,642.4400","","","","20,878,921.2100","2,724,882.2000","","","19,209,173.7500","","15,076,740.3600",NA,"21,094,656.6700","","2,428,157.0500","","26,508,927.0000","","2,581,519.2000",NA,"1,718,407.7100","","-16,493,094.2400","","-105,629,358.6500","","-16,455,478.5500","-2,030,100.0000","17,064,441.4800","796,551.8800","9,694,975.8000","15,894,813.9600","19,821,850.8100","2,031,833.3400","2,771,591.0000","14,032,514.3500","18,274,957.9100","1,588,808.0300","4,283,548.6900","14,946,688.3300","2,532,147.7200","-7,110,306.7900","-12,833,740.6200","-11,144,956.0100","-68,065,465.9200","-44,552,227.9700","-62,699,351.4900","-48,176,934.1500","-121,418,680.6400","-8,417,693.7400","-2,999,261.5000","1,659,030.5200","755,179.8700","-11,643,570.1000","6,288,528.7300","6,890,192.0500","-33,979,034.6600","-12,009,824.2700","-16,527,158.0800","-9,696,577.0100","-47,343,974.6100","-4,913,363.9600","-874,002.3100","10,125,365.1900","18,664,647.1500","-12,936,687.6600","20,101,323.3400","70,234,475.4500","89,565,345.5600","-7,391,146.0400","32,288,861.0500","84,398,175.3400","101,301,088.2700","-16,558,576.6200","10,629,116.6900","46,585,725.1300","52,413,753.2400","-7,400,495.5500","19,642,936.6500","64,636,979.6600","60,042,288.9300","-4,790,158.0200","48,454,988.2200","130,630,121.4900","114,337,097.4600","2,117,121.7000","35,189,644.5900","96,412,747.5800","60,441,744.2300","10,615,304.3000","38,606,592.8500","70,004,950.4000","66,024,508.8400"
"120","000524.SZ","休闲服务","","","","42,819,750.8100","","33,497,023.0000",NA,"55,528,969.0800","","32,208,649.0000","","56,689,105.0600","","18,269,248.5400","","53,861,561.4200","","31,939,377.4400",NA,"70,436,779.0300","","27,037,507.7100","","44,038,237.6700","","13,083,010.9900",NA,"23,667,802.1000","","15,794,613.1700","","20,425,763.1700","","6,887,014.1600","","-98,137,813.2800","716,687.4000","7,963,404.4400","6,048,327.9000","8,658,248.3900","-20,410,529.9000","-25,703,305.4500","-49,625,986.3700","-90,953,694.1200","-10,637,534.6000","10,346,038.0900","4,198,188.5500","34,274,278.1000","-7,968,769.0700","12,313,525.1300","1,306,536.8200","36,924,035.9500","-7,114,922.9500","12,105,008.4400","7,125,631.5000","24,467,574.8200","-9,245,825.2400","15,358,512.4300","7,401,916.5400","24,944,118.8900","-6,071,653.4100","1,792,382.6000","-11,635,911.6300","4,248,030.4300","-11,174,890.2100","-18,015,744.5400","-27,521,310.8700","-52,545,974.5200","-696,298.9100","1,983,020.9400","3,298,565.9100","6,773,465.0700","4,419,039.0400","10,024,244.7300","14,344,162.8600","20,476,288.1900","8,279,718.7500","17,065,083.5700","24,773,417.9400","30,972,030.5200","8,299,307.5200","17,320,249.5100","25,165,268.8200","34,421,161.5800","4,117,066.4500","12,661,606.0600","23,485,290.9100","36,367,314.5900","7,193,660.1800","23,547,539.9100","29,545,236.7800","39,231,704.1800","6,534,162.4700","21,264,538.3400","29,110,705.9800","30,614,872.4400","35,716,011.5900","84,065,423.0500","148,020,571.8500","185,186,903.8800"
"188","000610.SZ","休闲服务","","","","9,720,360.0000","","",NA,"12,078,916.0000","","","","16,029,772.4100","2,557,612.0000","8,679,920.0400","","21,862,540.4100","","17,966,653.4100",NA,"23,007,286.9200","","10,542,638.1600","","23,828,470.9000","","9,633,086.2900",NA,"15,565,682.6400","","6,912,962.8600","","16,600,560.8200","","283,554.7400","","1,119,229.7500","45,943.7100","2,411,561.6200","4,383,414.6500","6,100,594.9500","117,612.8600","-3,544,582.7300","-1,195,436.3400","1,237,202.7600","4,248,455.2700","5,857,196.2100","9,074,960.5800","23,741,270.7800","1,065,116.2100","14,148,251.3100","16,068,057.5800","26,244,022.9900","1,149,611.5700","8,678,545.9600","9,523,080.4500","8,414,936.2100","1,401,394.0500","8,543,162.9200","9,744,392.6500","9,336,817.5700","576,944.1900","5,124,429.3500","6,652,802.6200","10,598,745.1900","-6,838,556.3500","-3,454,916.5300","2,142,563.0100","-2,688,401.1500","-2,105,118.5500","195,891.3300","18,983,866.0800","27,205,058.1100","6,203,780.9500","18,809,936.9500","21,619,225.9000","27,535,771.6200","28,463,982.6700","24,347,174.7700","22,223,881.0200","21,149,279.0000","-1,386,913.1300","-6,544,908.8700","-6,587,004.7200","8,522,291.7000","-8,874,186.0500","-12,838,629.2300","-12,122,601.6700","-20,812,561.5500","-8,858,473.8600","-9,001,181.5600","-11,932,961.6500","8,604,700.8400","-8,244,015.8400","2,959,560.0200","549,328.1500","9,097,388.7600","-5,347,160.8200","-8,663,348.6000","-13,952,179.9000","-20,125,255.5700"
"191","000613.SZ","休闲服务","","","","28,007,357.0400","","",NA,"32,824,479.7700","","","","40,849,650.6700","","","","59,218,735.5100","","22,016,095.4100",NA,"26,135,844.6400","","1,636,042.8200","","-54,453,717.5200","","-10,318,621.6100",NA,"-51,536,404.0800","","-43,367,197.2100","","-61,069,749.7500","-3,850,800.0000","-12,904,696.3700","-18,871,800.0000","1,782,231.2400","151,800.0000","107,472.4400","121,935.7800","227,182.8900","-1,630,141.7000","-7,945,524.4200","-12,047,148.5300","-54,752,081.2700","-1,245,004.0300","-5,185,303.9500","-10,127,001.7000","-14,212,768.2800","-454,843.3300","-3,134,442.4000","-5,782,923.9200","7,494,406.8500","-1,103,060.4300","-5,602,691.9000","-12,050,556.0000","-18,633,733.1900","-143,493.4000","-2,479,001.4100","138,524,052.0600","139,158,744.2000","2,964,606.3600","2,057,440.1300","-921,776.5200","431,855.3700","559,151.7000","-2,239,209.5000","-3,200,702.8500","-2,996,641.5700","1,041,368.0600","501,612.2000","-1,080,214.3500","680,955.6500","723,602.2400","-1,635,132.9100","-5,452,841.7800","-5,281,228.5000","986,380.6200","589,416.2500","-519,063.4400","2,126,042.0000","879,794.0400","-481,971.5100","-2,290,798.3900","-2,199,319.9600","505,793.5500","-848,458.9600","-1,736,587.9700","2,503,486.4700","-112,934.0300","-3,391,966.6400","-6,446,202.6400","-7,477,866.4000","1,448,307.9100","172,122.5200","-1,663,497.6500","-2,661,052.4900","2,410,257.2300","1,719,253.8000","241,086.9700","2,858,998.6600"
"269","000721.SZ","休闲服务","","","","8,446,919.3600","","",NA,"12,779,694.3000","","","","13,470,926.2900","","","","17,107,620.6900","","9,859,926.1600",NA,"30,474,277.6900","","8,980,243.5700","","22,108,438.0300","","8,825,557.1900",NA,"1,507,505.3100","","5,327,539.5600","","3,663,952.0800","","7,345,793.8000","12,730,044.6600","20,957,516.5400","2,795,946.7100","8,191,602.6500","11,258,189.0700","17,880,576.8500","3,304,642.9400","961,760.7200","9,484,144.1000","21,904,243.8000","3,928,258.7200","8,783,523.2800","13,273,577.1500","19,950,597.4400","3,885,555.1300","9,206,969.4800","13,776,868.9400","20,510,503.6400","3,311,627.1100","8,285,882.7000","13,475,199.5700","11,309,607.5000","3,133,702.3500","9,172,173.6800","12,065,859.3000","12,178,648.0800","3,841,311.0300","9,280,329.7700","13,544,239.1300","14,619,915.8300","3,723,410.5200","8,961,935.7500","12,535,922.1000","48,190,074.6300","3,928,010.3900","7,471,649.1800","12,772,080.4500","36,602,861.4300","26,221,211.4900","31,190,917.2200","38,584,002.5000","38,121,282.7500","4,153,815.5300","9,406,891.7800","16,662,729.9300","16,256,556.6300","3,781,389.2300","9,531,940.0500","16,051,363.0800","16,193,991.0200","5,730,515.6300","3,162,268.0700","6,779,010.7700","12,118,979.2300","-3,575,931.9200","-4,079,072.1300","-10,291,430.3100","-33,109,021.0000","-12,608,653.2800","20,800,961.0900","18,250,539.7200","9,809,803.8300","-8,605,466.8200","-1,925,850.1400","-4,316,044.4500","-12,852,678.5300"
"316","000796.SZ","休闲服务","","","","","","",NA,"7,227,467.8900","","","","8,167,090.5200","","","","11,902,233.7700","","13,672,372.7200",NA,"34,175,031.0800","","13,834,064.5300","","53,039,496.0000","","17,611,035.1400",NA,"41,017,378.9200","","15,460,312.0900","","46,448,454.2300","","21,382,455.8000","","32,684,875.7900","4,901,111.1000","13,031,848.3600","19,582,048.9100","22,091,198.9900","3,943,561.0800","7,157,980.6200","10,473,628.3500","13,693,714.9000","5,621,559.1900","9,026,831.9800","11,248,583.6800","1,590,902.6000","3,317,301.1100","5,334,418.4900","6,772,416.5700","-107,346,965.3700","2,058,536.4500","4,907,212.5300","2,441,641.0300","8,886,177.4800","2,331,513.5200","-528,445.6000","7,423,749.5000","4,483,265.4400","9,337,935.3200","2,130,117.0700","1,142,034.2700","6,436,355.5600","8,354,426.1500","5,190,217.1500","3,164,314.3100","34,057,075.5900","12,298,982.3500","19,967,520.6300","28,855,142.2000","46,511,862.3700","8,320,676.0500","14,560,468.6500","22,196,011.1900","30,400,440.2300","12,383,114.0000","16,280,919.3900","27,653,249.0600","28,926,937.3300","14,300,060.2500","21,589,519.5100","30,881,252.9100","64,647,674.5900","17,116,387.2200","23,449,406.5800","30,866,793.5800","57,967,630.8100","15,972,118.9800","26,970,945.5500","185,206,615.1900","228,733,270.8800","25,473,150.5400","71,378,586.1600","258,323,433.5800","240,622,743.1100","34,764,877.2900","156,391,538.6600","377,039,742.1700","243,844,855.1300"
"361","000863.SZ","休闲服务","","","","","","",NA,"14,288,366.1300","","","","16,773,371.2500","","","","13,044,067.1300","","5,539,906.7900",NA,"15,878,148.6400","","7,733,406.9000","","20,182,932.7900","","8,258,896.1300",NA,"20,648,814.8300","","19,454,118.9500","","40,050,617.4200","","18,701,854.0800","","34,167,926.5800","2,122,592.7600","11,382,286.4000","11,245,786.3100","16,746,257.0600","1,071,565.0900","7,668,037.7000","10,728,419.6500","18,316,548.7100","1,672,814.9500","4,598,289.9400","-4,164,677.3100","-182,697,701.2100","-19,247,224.7000","-56,311,358.1200","-73,086,693.9800","-443,043,624.9100","-18,547,132.9200","-49,393,492.1200","-63,457,312.6100","-770,441,732.0300","-16,047,430.1600","-29,616,942.8500","-48,487,022.6500","31,557,092.7000","22,113,116.3200","55,893,134.7500","-24,939,801.5700","3,220,275.7200","1,235,008.4600","-23,045,205.3700","-39,352,711.1900","7,426,948.7700","5,121,351.5300","3,956,450.6100","-8,468,186.2800","4,964,195.4000","-6,479,405.6600","-19,002,304.2100","-31,095,058.1100","231,642,962.4900","-21,558,089.8000","99,469,951.3500","129,787,676.9200","411,140,468.6700","854,688.9500","57,235,174.2200","23,095,821.6800","454,169,035.7400","11,204,758.7700","25,684,387.4900","12,479,450.0700","118,793,773.9700","-73,892,379.7800","75,498,243.1100","-5,953,636.3300","79,587,768.4300","408,935,633.2100","448,332,019.5700","427,642,487.0200","939,205,690.9200","75,428,834.4800","72,582,651.5000","31,389,133.2500","224,766,794.6000"
"375","000888.SZ","休闲服务","","","","","","",NA,"28,642,020.3600","","","","36,460,465.4000","","","","42,923,641.9400","","",NA,"51,527,993.6200","","16,588,182.8000","","36,888,982.6100","","14,381,797.3900",NA,"25,796,610.3500","","6,736,433.7300","","32,641,013.0300","","8,710,778.0300","","32,784,873.2300","-7,999,020.2100","5,030,849.1600","23,311,391.1300","26,454,816.8600","-7,683,468.3900","-4,044,245.2800","21,350,807.8700","32,233,525.7300","-2,797,565.3800","13,451,148.5600","44,360,107.9500","45,677,636.7200","-5,243,378.1700","9,847,407.5800","39,510,271.6300","38,056,200.4600","-5,793,804.3500","10,060,559.3000","41,520,423.3500","40,898,990.0900","-6,878,147.8500","12,156,405.8500","43,985,692.7500","46,054,365.9600","-5,999,155.8200","-18,772,128.1000","5,332,722.1000","21,419,877.4100","-3,836,898.6400","13,798,746.9300","64,013,035.2400","83,682,742.5700","8,262,861.7400","34,522,816.2300","86,066,967.7600","109,747,207.4300","9,101,317.3700","34,619,998.9500","114,915,541.4600","144,755,512.0800","9,568,486.1700","51,234,902.2700","127,323,788.0300","188,752,478.1000","6,832,572.3300","28,960,781.5300","109,871,512.2900","113,022,661.8400","9,585,032.5100","53,161,695.9400","140,438,542.5200","188,018,366.3300","2,121,744.0000","53,428,844.9900","138,742,664.0400","190,938,776.6100","14,820,251.1000","57,152,401.0300","140,922,341.5800","186,937,945.9300","16,511,585.0700","62,856,803.7900","151,351,595.8300","196,426,121.4700"
"444","000978.SZ","休闲服务","","","","","","",NA,"","","","","","","","","","","",NA,"70,848,400.3100","","","","73,601,543.7200","","10,709,661.4300",NA,"32,831,802.1400","","9,959,552.3400","","36,283,641.7600","","18,955,755.3900","","45,604,523.5000","2,386,644.2200","20,186,325.2700","36,544,609.0300","47,978,866.6100","5,216,636.2600","916,484.7600","7,626,023.2200","10,097,542.1400","193,644.5500","12,302,195.8300","28,384,253.2200","36,553,563.2300","832,009.7700","13,759,396.8700","28,436,544.0100","39,074,309.3100","3,071,408.7900","21,147,262.5500","41,978,684.7400","46,851,209.0200","2,204,772.6900","21,649,604.6800","42,638,681.6300","54,661,147.7800","-8,049,102.4300","12,783,107.6600","21,783,251.9800","22,699,272.3300","-2,411,596.6900","10,651,655.4700","24,056,766.4900","32,958,105.8800","-6,384,129.1800","4,374,347.4400","25,138,091.8400","68,276,988.1900","-17,927,915.0600","11,329,166.0300","43,156,635.6700","62,099,652.2600","-15,956,653.2900","8,894,544.4900","34,035,445.0400","56,007,711.5800","-30,200,506.3400","-24,959,131.7900","-8,631,034.9300","844,329.7800","-29,713,361.5600","-38,963,527.4300","-17,176,011.0300","28,976,368.2900","-16,123,355.7500","-9,891,233.0800","21,483,969.8000","17,789,363.8600","-14,290,657.4000","-2,986,306.0500","37,696,589.9400","-46,745,942.9500","-4,682,719.7800","22,317,297.3500","59,081,233.1900","37,860,478.9800"
"497","002033.SZ","休闲服务","","","","","","",NA,"","","","","","","","","","","",NA,"","","","","","","",NA,"","","","","","","","","21,942,202.8600","","","","37,029,993.0000","","","15,817,994.9600","24,308,708.0400","8,358,751.6300","22,287,113.5200","38,368,484.6400","43,056,182.5900","5,785,327.3900","19,267,608.1500","36,623,867.6600","45,389,265.3000","7,666,197.3800","24,883,370.9000","46,409,653.8600","53,170,846.9000","11,205,176.5700","30,285,528.5500","56,315,469.5600","71,543,379.5100","7,591,378.9200","22,560,709.5700","38,920,949.5800","48,826,981.2900","9,652,626.9300","25,031,873.6700","43,450,292.5900","45,458,073.5600","8,418,241.3500","11,089,148.7800","23,008,931.1800","20,391,250.7500","9,590,514.7500","35,029,006.9300","66,609,313.5500","175,705,908.1000","32,880,005.6100","96,385,329.2200","163,426,548.1700","195,990,558.2900","36,032,523.6500","117,031,695.9800","188,285,093.0400","197,209,216.3600","45,766,840.7300","118,785,752.1300","218,742,728.8300","240,338,091.4900","56,279,717.6200","139,300,998.7400","238,642,969.9100","248,582,855.3800","51,290,720.3900","137,786,542.0200","243,758,296.4400","255,112,818.8700","48,390,528.9500","109,543,582.1200","197,662,802.4500","216,882,875.2700"
"523","002059.SZ","休闲服务","","","","","","",NA,"","","","","","","","","","","",NA,"","","","","","","",NA,"","","","","","","","","","","","","","","","","27,041,738.9700","","","","38,877,223.2400","","17,096,647.6200","22,848,071.6000","28,286,396.1900","1,440,052.6000","16,059,817.5700","14,079,319.3100","45,541,091.1600","-1,237,413.6500","2,837,777.5200","16,640,159.4100","65,766,176.7900","-4,743,747.1000","9,780,849.7500","26,931,049.1100","60,509,267.3200","-6,287,073.1100","-11,171,233.2700","1,786,534.3000","35,478,876.9400","-8,901,038.0900","4,974,000.6400","10,902,573.1000","7,303,944.7300","-1,143,726.8400","11,720,475.8200","29,676,308.9100","31,859,170.9200","-4,334,536.0100","2,134,254.4400","29,383,345.5700","36,971,102.0900","4,405,630.3300","7,331,906.1500","33,815,096.6100","71,419,374.2200","-108,086.6100","-11,637,863.4000","-5,143,252.8300","76,800,320.9200","-10,842,430.8100","3,681,954.7800","41,985,847.9500","108,051,297.0400","-21,392,364.5500","39,412,062.1700","75,748,150.1000","88,327,575.0300","-2,359,755.6300","21,378,260.3800","46,083,246.0000","112,628,435.3900"
"623","002159.SZ","休闲服务","","","","","","",NA,"","","","","","","","","","","",NA,"","","","","","","",NA,"","","","","","","","","","","","","","","","","","","","","18,477,779.4200","","","","15,470,208.6900","","1,906,561.7600","11,447,429.2400","18,750,941.3200","-2,641,630.8400","6,330,449.3700","17,506,961.4600","24,485,378.1600","-2,858,640.2400","4,494,409.0900","11,854,964.5800","14,076,461.6300","-1,775,869.5300","4,204,740.5400","21,332,325.9500","26,317,104.2600","-11,284,419.4400","4,569,688.1900","24,616,346.1600","32,213,275.7900","-16,258,600.9500","4,291,047.7600","42,978,004.0500","43,482,430.0300","-32,339,531.1600","-21,497,243.8400","67,623,596.1300","59,110,596.0400","-32,850,836.3500","-31,104,314.7800","-11,926,463.7300","42,138,907.4600","-29,473,548.2500","-27,660,305.4900","-14,808,060.7700","-25,937,385.2600","-24,274,846.9700","-27,351,162.4000","6,324,612.0600","62,543,579.5400","-17,049,655.2700","-21,012,247.4000","3,044,808.4700","-44,129,637.3900","-30,397,588.4600","-33,785,154.6400","17,482,704.5400","5,001,827.1900"
"650","002186.SZ","休闲服务","","","","","","",NA,"","","","","","","","","","","",NA,"","","","","","","",NA,"","","","","","","","","","","","","","","","","","","","","37,662,867.9100","","","","48,471,257.2100","","","45,073,658.8200","58,036,090.8400","27,943,255.8100","39,792,110.3200","58,600,303.4300","68,305,279.4800","17,770,915.7300","34,052,246.2900","63,165,719.3000","78,835,241.8100","21,272,035.2600","43,627,672.0900","70,157,516.7700","89,353,019.0900","27,764,423.7700","56,038,175.9600","87,894,324.1100","107,408,428.4300","32,905,068.9100","70,447,099.6100","111,989,317.5600","143,692,918.1600","47,069,975.9100","97,767,552.5400","148,582,281.0200","165,682,404.5400","41,570,040.4400","67,236,167.0800","127,098,789.4200","121,889,942.4600","33,891,109.7700","71,049,106.7300","131,502,779.6400","138,424,094.5800","35,191,018.7500","72,824,933.7400","131,196,676.2200","142,780,128.1800","35,405,694.4400","74,326,259.0200","137,129,685.5900","150,076,430.2300","39,099,378.4100","84,247,075.7800","145,902,499.9200","150,662,736.9500"
"769","002306.SZ","休闲服务","","","","","","",NA,"","","","","","","","","","","",NA,"","","","","","","",NA,"","","","","","","","","","","","","","","","","","","","","","","","","","","","","15,256,688.8400","","","","63,999,270.1000","","","40,704,610.7100","67,145,864.4400","15,552,481.6700","37,619,167.5700","60,396,163.4900","80,838,898.0000","32,319,542.3300","47,402,956.8700","61,272,279.8600","62,182,214.9500","32,758,573.0500","52,559,946.7600","77,831,712.9000","93,854,537.0400","46,097,084.7400","76,243,415.1700","110,128,627.3200","81,365,210.2800","-69,013,751.2500","-221,547,126.9800","-304,879,057.9600","-569,520,213.5700","27,333,440.1400","857,173.2700","-80,797,282.0500","-714,248,318.8100","-54,405,959.1300","-110,017,579.5700","-155,865,464.7600","50,247,136.7400","-8,474,421.8800","-14,426,748.4300","-18,803,688.7900","-53,835,484.0200","-3,708,743.9100","-8,597,653.6900","-12,504,601.7700","-18,219,427.0500"
"840","002377.SZ","休闲服务","","","","","","",NA,"","","","","","","","","","","",NA,"","","","","","","",NA,"","","","","","","","","","","","","","","","","","","","","","","","","","","","","18,929,439.2200","","","","28,136,870.1800","","","","29,950,275.2800","-6,519,353.4200","1,070,738.5100","18,038,929.2400","34,136,571.3600","-6,631,700.2600","1,743,077.4500","19,774,524.6200","38,626,931.9500","-6,209,055.7500","1,962,699.7500","18,615,494.7200","38,588,619.3300","-6,480,002.0100","1,632,505.8500","9,056,200.3700","22,174,565.2200","-6,250,861.9500","3,031,727.9300","9,092,238.7300","17,892,891.0700","-9,171,621.5500","2,459,638.1500","10,766,073.7500","46,401,195.1900","-7,010,324.2500","8,081,040.4300","12,242,860.0200","39,783,016.7100","-9,826,745.9400","-5,749,789.7100","4,919,016.6800","10,086,970.0200","-7,254,471.6300","-2,750,867.5500","40,495,110.8900","47,212,358.9500"
"1168","002707.SZ","休闲服务","","","","","","",NA,"","","","","","","","","","","",NA,"","","","","","","",NA,"","","","","","","","","","","","","","","","","","","","","","","","","","","","","","","","","","","","","","","","","15,766,130.6200","","","","30,506,884.8800","","","","44,180,648.4900","","","52,491,000.0000","61,803,716.9300","14,391,841.3800","31,067,488.4300","75,578,100.0000","87,468,779.1900","17,381,003.9100","35,884,461.5000","93,180,273.6000","108,738,139.0900","27,923,847.3800","63,992,614.7100","193,629,575.3800","209,660,251.0500","40,104,563.9000","81,919,579.7100","239,208,899.2600","245,481,549.5900","59,254,222.2500","116,273,871.9700","223,121,494.1700","279,795,880.1600"
"1524","300144.SZ","休闲服务","","","","","","",NA,"","","","","","","","","","","",NA,"","","","","","","",NA,"","","","","","","","","","","","","","","","","","","","","","","","","","","","","","","","","44,566,733.8700","","","","67,030,121.8800","","","73,158,587.0600","88,412,035.5500","6,829,855.4100","71,083,807.1900","143,562,053.2500","163,337,928.8400","26,581,666.4300","104,371,319.0300","190,417,063.7700","222,218,569.8200","40,902,051.5200","127,339,987.7700","217,590,441.6600","256,413,581.3400","47,283,092.4000","134,681,482.7100","248,381,792.6900","308,762,015.8800","49,903,211.9700","173,180,121.9300","319,032,360.8900","364,722,774.3200","95,256,239.6700","278,803,137.3400","549,543,097.6200","645,445,084.5800","193,568,139.5600","435,589,201.3100","776,174,047.5800","916,466,911.9900","243,831,209.6600","527,277,311.3000","925,370,664.6100","1,069,274,181.1400"
"1558","300178.SZ","休闲服务","","","","","","",NA,"","","","","","","","","","","",NA,"","","","","","","",NA,"","","","","","","","","","","","","","","","","","","","","","","","","","","","","","","","","39,657,742.2600","","","","47,717,682.2800","","","","53,064,459.7100","19,103,227.4800","43,261,219.3900","61,024,801.3200","81,687,895.4300","14,390,300.0700","40,128,853.8200","53,835,298.5700","57,555,122.7700","14,809,642.8900","30,018,787.1900","45,577,700.7300","65,709,058.9100","17,081,767.3700","40,444,981.3900","61,426,920.6000","91,234,776.6000","24,029,643.9300","58,713,231.7600","95,299,128.9800","133,816,345.2200","33,786,394.1000","69,141,664.5500","113,819,930.1300","156,882,309.2100","40,827,386.9000","81,669,757.7100","134,990,111.3500","195,383,306.9800","52,340,800.3500","175,878,396.2600","242,489,165.1300","329,707,431.1100"
"2032","300662.SZ","休闲服务","","","","","","",NA,"","","","","","","","","","","",NA,"","","","","","","",NA,"","","","","","","","","","","","","","","","","","","","","","","","","","","","","","","","","","","","","","","","","","","","","","","","","","","","","31,256,803.0900","","","","29,801,822.7700","","","","51,067,725.4500","","31,830,222.4100","","67,674,664.6200","7,171,224.1500","29,211,192.4600","50,405,703.8100","63,575,105.9800","12,773,971.4700","36,202,734.6900","64,936,317.5300","85,461,829.2300"
"2150","600054.SH","休闲服务","","","","24,998,725.0000","","",NA,"29,219,011.0000","","","","43,312,018.0000","","","","64,010,876.1200","","38,777,463.8300",NA,"77,103,240.5500","","34,970,983.1500","","78,990,298.0000","","47,167,046.0000",NA,"90,741,442.0000","","26,503,257.2100","","49,042,118.0000","","25,651,046.4600","","45,436,277.0000","-19,030,131.1600","14,747,356.8500","43,682,747.6300","-9,192,181.0000","-23,199,672.5200","-56,117,303.3100","-35,725,429.8400","-41,020,361.0000","-13,413,320.2900","18,900,696.6600","61,320,252.7300","8,042,066.0000","-12,968,413.8900","27,422,222.0900","87,897,035.9500","74,608,190.5500","-4,615,450.3600","49,761,722.7300","114,046,207.6200","143,387,282.8300","333,536.6900","74,149,113.3300","157,376,990.1100","162,733,352.2400","-4,136,676.2400","82,253,644.5200","179,515,714.8500","204,820,615.6800","-4,477,451.6300","82,152,628.7400","181,754,310.8200","170,880,502.7600","-8,437,424.0200","100,969,311.0200","210,812,785.1400","244,786,000.3100","-896,273.2800","145,830,242.0200","271,423,606.9900","270,721,645.3400","-1,434,434.2700","148,448,676.7900","276,792,558.5800","260,570,292.6100","-2,547,019.6300","78,850,780.7500","165,624,905.8700","161,442,463.1800","14,326,194.9000","120,072,011.8900","228,905,923.3500","221,859,451.6600","13,003,230.7700","125,454,739.6200","304,732,433.3300","312,223,601.4000","61,514,095.9600","185,191,282.6900","345,586,556.2000","375,134,163.6800","50,165,811.3500","199,499,720.7600","363,182,463.3000","438,432,168.9900"
"2228","600138.SH","休闲服务","","","","","","",NA,"35,730,306.1700","","","","38,189,759.0300","","","","41,847,222.3500","","",NA,"59,079,213.3500","","44,270,243.6800","","87,995,522.8300","","79,840,175.4600",NA,"119,777,611.9500","","57,034,410.3500","","121,984,378.9200","","64,805,341.8600","","109,976,315.3100","11,658,730.8000","53,503,880.7700","69,552,532.5600","85,922,261.4300","9,603,358.8500","3,138,409.8700","1,895,129.0500","26,582,257.6800","3,528,597.8300","38,109,057.8100","61,795,150.1100","68,626,234.0100","1,621,824.8700","22,517,668.1300","29,407,995.6300","52,112,118.4100","12,579,427.9100","39,391,422.8300","73,294,173.8400","104,404,631.5200","28,323,789.5300","90,315,906.4300","159,565,084.2300","236,730,907.6400","36,991,364.6900","100,341,134.8500","121,077,739.1800","231,103,000.2800","39,710,364.4400","192,779,330.3000","296,545,285.5200","460,816,691.5400","56,201,617.9100","203,724,389.4100","329,273,465.5200","420,013,083.3600","42,765,503.8300","153,179,004.7600","382,954,282.2200","504,925,206.3900","55,799,680.8500","177,488,803.9900","472,774,874.0000","527,806,987.4300","92,361,451.0000","205,496,701.3800","343,228,478.0500","478,524,299.4400","80,676,649.7200","263,603,556.4800","415,618,453.9900","507,471,401.9500","83,947,615.1700","242,249,823.1500","418,460,486.0700","456,589,281.9200","112,566,414.4500","469,103,279.6700","638,531,274.7900","736,636,883.2600","118,491,829.0700","515,955,573.8800","737,366,043.2800","862,847,222.7200"
"2331","600258.SH","休闲服务","","","","","","",NA,"","","","","","","","","","","",NA,"67,680,803.2200","","","","43,304,518.1200","","14,362,318.0200",NA,"53,891,252.9500","","17,359,185.9900","","60,992,113.7500","","32,559,316.6600","49,952,771.5500","79,857,969.0300","-453,975.5500","34,994,380.2500","54,047,408.5800","74,239,433.2100","15,554,789.3100","8,835,187.5100","27,502,654.2600","60,660,382.4400","11,876,585.1400","31,296,969.7500","57,634,055.4500","74,021,322.5900","16,750,565.4200","38,435,442.3000","61,427,485.3300","71,919,047.7200","27,467,279.7400","47,957,915.4600","75,103,721.4800","87,961,059.7600","45,760,941.6600","84,015,814.4700","127,471,411.2300","163,471,302.0600","61,252,476.1400","110,608,982.5000","170,839,035.7300","222,462,597.2300","66,501,770.0700","109,779,316.8900","155,566,508.2200","202,863,852.0900","82,667,563.7300","145,620,906.7000","197,499,391.0400","237,416,176.3300","36,338,233.8600","73,195,365.9500","103,370,610.6700","118,266,658.7500","39,979,586.4800","84,538,562.4900","119,576,153.9300","138,335,468.4300","41,548,754.6400","79,541,909.9100","112,498,439.9700","136,608,907.1100","39,115,657.2600","75,528,036.5900","107,166,727.4600","133,592,116.8100","28,468,811.9600","38,479,444.8200","64,483,226.7000","112,720,093.8600","17,942,965.8100","69,742,452.0500","275,771,713.2600","333,310,816.1400","47,977,481.5600","259,977,369.1900","575,341,668.8700","659,217,413.0400"
"2415","600358.SH","休闲服务","","","","","","",NA,"","","","","","","","","","","",NA,"19,898,041.3900","","","","24,666,305.9200","","",NA,"20,726,185.3600","","9,944,943.8800","","20,190,856.6500","","12,004,491.7000","","11,990,432.9300","9,298,716.6200","16,602,099.5900","16,816,176.5100","19,044,878.8500","3,648,769.4400","11,562,079.7300","13,472,364.0200","33,031,302.6200","16,595,629.3200","30,783,972.7800","28,158,511.1100","22,473,443.1300","4,700,785.6500","13,645,151.5600","13,816,601.0900","5,434,805.7900","11,223,517.6400","15,655,791.3700","17,433,459.8900","17,201,491.8800","1,790,852.8700","15,765,462.5300","17,854,010.4800","18,590,068.7500","3,227,052.8000","3,294,968.9400","12,738,338.4700","20,494,190.0400","2,233,379.7800","3,226,828.7900","2,799,475.4800","22,519,609.9800","2,441,512.5800","4,227,613.8400","3,674,892.6500","22,295,232.1500","-4,852,554.8000","6,729,830.4800","5,650,506.4100","-60,995,191.4900","7,203,995.8700","7,132,873.6300","7,063,736.7200","-56,077,220.6300","-6,422,237.2700","-15,775,606.5800","6,677,987.8400","10,649,881.3500","-10,405,462.1500","-26,429,997.2500","-47,080,013.2900","-165,744,991.6200","2,557,793.3800","40,382,185.3700","21,296,157.6100","12,889,330.5500","-11,157,299.9100","-32,315,054.1900","-51,101,302.7600","-163,133,387.0600","-5,814,557.5300","-21,356,429.8500","51,023,718.8400","53,519,281.0700"
"2564","600555.SH","休闲服务","","","","","","",NA,"","","","","59,508,264.0000","","","","94,032,616.0000","","",NA,"122,638,172.4900","","","119,134,885.0000","151,538,033.8000","","78,452,581.0900",NA,"114,175,858.2900","","79,314,003.9100","","196,852,842.7600","","112,149,281.1400","","220,636,773.0000","36,281,520.2300","95,459,923.4300","144,026,296.1600","144,903,180.0000","35,548,831.0000","88,363,616.5100","135,417,375.1500","123,009,999.0000","20,213,828.8300","33,900,140.0000","58,425,036.0000","-559,557,173.9600","11,021,864.4900","22,668,972.9400","34,497,820.3300","15,697,254.7900","26,135,072.5400","56,381,857.5900","78,781,720.6700","141,407,086.9800","20,257,158.0800","39,445,129.2800","66,156,257.5200","-147,063,046.4100","20,460,009.0300","33,536,728.2600","106,327,946.0500","24,690,493.1200","5,252,919.0900","17,200,666.7100","-10,830,955.1900","128,783,446.3000","19,685,314.5300","45,673,486.3300","42,834,056.4200","7,277,907.4900","26,663,621.2600","97,070,916.5900","116,714,390.4100","72,031,934.0800","26,265,525.1000","16,133,934.2800","2,530,741.2800","-191,313,849.4300","-11,626,378.3300","-22,722,328.9400","-49,828,414.5100","28,035,133.9800","-14,857,615.5400","11,116,620.7500","12,183,730.5400","39,691,007.6400","-11,454,806.6700","-29,614,338.5800","14,500,747.1400","25,837,933.2600","-48,833,040.2600","-26,448,900.1000","-23,945,348.6500","-198,411,361.9100","-49,595,971.2100","-102,305,711.5400","-177,697,763.4700","55,113,012.1100"
"2599","600593.SH","休闲服务","","","","","","",NA,"","","","","","","","","","","",NA,"","","","","","","",NA,"21,060,333.5000","","","","22,604,445.0300","","5,569,306.8700","","23,132,924.4500","","5,012,031.2400","23,381,155.8700","21,965,045.7100","-4,003,330.8800","-17,993,220.9800","-13,498,271.9300","-29,795,804.7800","-8,839,693.5000","363,474.2400","12,289,099.6200","3,484,477.0900","-9,364,838.0100","271,652.6900","12,622,669.7000","2,002,415.7700","-10,335,416.0300","-9,533,331.7300","8,802,090.3400","-44,064,566.5800","-12,899,358.0500","-6,873,552.6900","10,627,577.8900","-1,369,784.9900","-12,083,446.9300","-9,047,907.1900","13,063,422.5400","2,400,159.1900","-11,712,410.5800","-8,576,259.5700","16,800,269.3800","5,210,580.0700","-10,249,910.2900","-1,841,825.8800","23,735,311.7400","3,503,116.9800","-9,501,098.5800","-7,520,203.8000","26,584,559.1700","-2,842,653.2600","-5,370,398.6600","-3,829,040.4100","40,891,023.5800","8,121,054.5500","-11,931,759.7600","-5,517,003.5700","41,385,333.1400","42,684,549.3900","-6,491,703.2300","-2,469,961.0300","60,442,239.6700","38,983,425.1700","-7,108,986.3100","10,886,561.2300","78,413,713.7100","46,468,208.6800","-11,008,211.3400","847,262.4700","67,873,856.1500","32,596,158.1400","-11,102,946.3700","3,511,313.1600","86,838,582.5900","52,488,687.7700"
"2700","600706.SH","休闲服务","","","","12,979,300.0000","","",NA,"16,428,100.0000","","","","15,277,941.9400","","2,361,217.9700","","13,296,266.4200","","4,395,162.4800",NA,"16,074,645.7000","","3,203,398.0300","","10,908,584.4300","","-6,728,909.9500",NA,"-101,528,017.2300","","-4,083,815.1100","","14,247,212.5900","","9,972,351.4300","","26,539,289.9100","8,939,367.7100","14,781,959.6900","17,939,191.6100","15,028,739.7800","5,665,435.4600","15,979,828.3600","23,199,612.6600","42,898,937.7700","27,389,395.1300","51,059,037.0700","59,738,780.2900","37,654,360.6600","8,095,825.7500","13,875,964.2100","18,963,018.1500","-73,539,878.8700","-1,471,659.3800","3,798,213.6300","4,109,292.8700","-130,737,665.7600","-2,162,531.4900","-10,577,313.4900","337,485.7500","2,957,272.4000","3,087,311.5100","-9,599,874.7300","-10,527,314.1300","-12,309,571.7800","-6,132,706.1000","-14,537,536.7300","-29,558,866.9200","-132,209,980.3000","-2,750,079.8700","-4,719,787.6400","-7,523,618.0900","-9,683,424.7100","-2,888,094.6300","-9,840,927.0000","-12,605,838.5000","-22,338,788.6600","-2,670,411.2700","34,056,508.2100","63,552,430.1900","70,540,689.7500","1,054,474.9400","29,921,914.4100","52,574,646.3300","83,570,051.4000","-4,045,630.9300","21,422,992.5000","43,660,893.9900","26,751,914.9600","4,991,298.5500","26,726,947.0600","48,979,016.5600","46,990,266.5400","13,080,962.0800","42,468,250.3200","66,266,106.0200","51,791,361.5000","28,428,071.5500","50,385,095.8600","79,889,694.6700","63,129,073.1400"
"2742","600749.SH","休闲服务","","","","11,639,000.0000","","",NA,"18,898,000.0000","","","","1,562,100.0000","","1,921,500.0000","","5,495,874.4000","","2,568,637.6800",NA,"9,112,973.3500","","6,892,918.6200","","7,128,584.2700","","4,180,987.2200",NA,"411,453.0900","","5,480,386.8100","","6,637,825.2800","","2,984,132.1800","","-27,086,362.2700","-4,189,312.0400","-3,734,554.8200","-2,017,543.2900","-11,978,939.6500","-2,904,440.4300","-4,622,195.1300","-1,943,987.5700","1,282,671.0500","-519,288.7800","4,468,085.2200","13,517,605.6800","9,913,242.0200","1,764,966.6400","9,634,291.0900","19,662,022.7300","15,048,455.7900","1,162,962.4900","7,674,075.5000","17,074,387.7700","7,988,205.0500","2,657,939.9900","5,941,744.4600","17,809,303.1400","11,169,621.6300","-9,786,413.1800","-20,412,391.2300","-31,821,720.2100","-41,557,528.3300","-10,951,217.8600","-10,402,423.5800","6,673,130.1200","2,956,551.3200","-11,116,366.0500","-5,134,063.3500","27,377,594.3200","20,725,961.4800","-15,492,344.7000","-16,003,167.3600","12,579,768.6900","10,753,122.1000","-15,984,502.2500","-15,488,608.5100","17,522,507.8400","11,984,917.6900","-17,263,154.8400","-17,388,448.5200","18,644,362.2100","8,051,339.3300","-16,052,687.6100","-16,087,022.9600","1,153,035.0500","-34,578,923.7100","-26,903,254.9200","-41,495,288.4600","-33,874,669.0400","3,240,969.6000","-29,629,980.9400","-40,315,740.1400","-27,390,441.7600","-98,273,198.4600","-26,770,590.5800","-26,244,042.6000","-16,262,234.7600","-81,768,208.7700"
"2746","600754.SH","休闲服务","","","","31,487,049.6500","","4,465,382.3900",NA,"60,616,200.0000","","40,579,000.0000","","77,329,701.2000","","44,797,337.9400","","89,186,873.1600","","49,425,488.3700",NA,"99,866,165.9700","","77,658,628.2600","","108,177,654.1800","","43,773,045.2300",NA,"120,670,802.3600","","53,634,619.5500","","120,941,267.0900","","37,942,826.0900","","57,421,131.0000","3,029,126.0000","32,303,708.0000","47,728,998.0000","63,588,057.0000","19,476,295.0000","643,746.0000","22,148,275.0000","43,886,550.0000","34,223,010.0000","68,985,354.0000","107,908,120.0000","160,146,945.0000","45,716,649.0000","93,197,255.0000","159,742,515.0000","207,594,480.0000","52,423,460.0000","117,182,099.0000","183,171,833.0000","230,308,846.0000","58,609,131.0000","140,220,730.0000","203,522,086.0000","279,604,269.0000","72,550,065.0000","174,109,693.0000","228,749,249.0000","288,547,937.0000","99,109,518.0000","185,993,699.0000","221,001,152.0000","286,609,928.0000","57,172,450.0000","244,411,294.6700","368,148,672.9400","399,091,661.0500","76,274,793.7600","193,000,736.9400","278,210,373.1300","324,307,287.5500","83,495,001.9800","224,784,764.4700","328,514,733.5900","371,658,421.8300","94,020,283.5100","169,885,703.0600","334,796,390.7900","382,150,318.8200","97,172,736.4000","187,941,926.4500","341,683,054.8900","490,176,534.8700","155,089,892.0500","295,069,966.0400","470,512,017.9600","641,485,614.6300","162,468,234.8500","303,392,126.7300","525,141,218.6100","718,860,468.6100","200,186,374.6600","451,072,230.8800","799,430,275.7200","990,061,491.6100"
"2931","601007.SH","休闲服务","","","","","","",NA,"","","","","","","","","","","",NA,"","","","","","","",NA,"","","","","","","","","","","","","","","","","12,091,992.5500","","","","27,479,980.2500","","","","39,109,019.6400","4,476,615.0800","18,202,841.4700","35,370,305.4600","43,985,670.3600","10,273,288.0600","24,738,301.9900","45,678,958.0300","59,985,032.6700","10,512,456.9500","27,009,762.2600","49,684,760.3600","69,412,738.9400","9,353,337.6500","24,098,666.3300","45,491,305.7800","92,080,356.1000","13,385,574.8800","26,602,011.0000","57,708,203.0800","121,571,835.8200","16,145,867.6100","34,501,790.3100","65,033,515.9400","140,688,658.9100","16,111,369.6000","33,909,484.4000","69,802,211.2800","125,740,207.4400","6,194,488.4000","26,060,431.7800","44,032,326.4400","74,908,905.1500","7,023,679.4000","14,339,471.3300","16,621,724.8200","32,084,641.8800","-4,045,127.2800","4,216,376.2200","6,962,634.6000","36,996,885.3900","9,565,291.0700","22,576,048.0000","43,092,182.1200","52,667,766.2100","12,950,002.7300","61,718,416.1900","95,664,659.9300","136,412,521.1800"
"3075","601888.SH","休闲服务","","","","","","",NA,"","","","","","","","","","","",NA,"","","","","","","",NA,"","","","","","","","","","","","","","","","","","","","","","","","","","","","","173,254,153.7200","","","","266,981,910.8400","","","295,619,085.6300","332,837,925.8300","84,989,362.1800","224,371,575.3200","341,189,659.8800","436,250,769.3300","145,953,115.0900","292,958,277.5600","472,687,736.4500","554,661,880.0300","154,726,308.0100","405,280,718.8300","677,905,957.1300","835,220,697.5400","367,046,664.8900","648,247,420.9700","911,247,507.5700","1,180,385,190.7300","548,108,813.0800","901,122,941.6600","1,273,173,463.6200","1,484,712,518.8200","578,127,445.2900","948,336,671.4800","1,352,157,923.2600","1,670,412,899.4300","697,583,358.2800","1,130,236,210.3400","1,498,384,249.1300","1,721,477,329.9200","759,043,317.4300","1,234,793,776.8800","1,653,429,474.3200","2,035,222,239.8400","806,451,639.8600","1,482,396,251.7300","2,231,217,434.3600","2,934,550,221.6400"
"3170","603099.SH","休闲服务","","","","","","",NA,"","","","","","","","","","","",NA,"","","","","","","",NA,"","","","","","","","","","","","","","","","","","","","","","","","","","","","","","","","","","","","","","","","","55,633,200.0000","","","","26,319,400.0000","","","","64,973,186.9700","","","","73,895,683.7400","-11,619,900.0000","-13,052,722.5900","76,755,690.4700","62,256,781.6300","-7,612,772.2400","-6,855,857.2600","93,774,391.6000","79,694,861.3100","-7,516,674.6400","-3,518,088.0900","115,882,076.7000","100,555,891.5800","-11,940,195.5900","-4,364,979.0700","90,137,345.9300","71,112,221.5000","-28,090,382.7700","-37,814,916.2900","72,908,639.4900","70,792,421.3500"
"3190","603136.SH","休闲服务","","","","","","",NA,"","","","","","","","","","","",NA,"","","","","","","",NA,"","","","","","","","","","","","","","","","","","","","","","","","","","","","","","","","","","","","","","","","","","","","","","","","","","","","","","","","","36,567,800.0000","","","","63,880,060.6100","","","","62,707,203.1700","","","73,091,996.2500","80,248,495.0300","14,642,499.1000","52,380,573.6500","89,020,208.4200","97,610,838.4900"
"3217","603199.SH","休闲服务","","","","","","",NA,"","","","","","","","","","","",NA,"","","","","","","",NA,"","","","","","","","","","","","","","","","","","","","","","","","","","","","","23,285,052.4500","","","","33,033,022.9700","","","","40,799,993.0700","","24,037,001.3700","","","","","","","","","","58,527,900.0900","","","","62,109,441.9000","","","","62,842,735.2600","13,878,508.7800","34,931,759.1900","52,781,029.5700","65,986,767.9900","14,551,503.5800","40,464,019.5400","60,375,926.2800","70,668,192.0400","26,898,007.0300","50,767,523.6700","65,902,004.4000","74,044,327.3900","37,219,867.7400","59,541,450.0900","76,933,224.0700","82,887,987.5500"
"3484","603869.SH","休闲服务","","","","","","",NA,"","","","","","","","","","","",NA,"","","","","","","",NA,"","","","","","","","","","","","","","","","","","","","","","","","","","","","","","","","","","","","","","","","","","","","","","","","","60,817,243.3600","","","","44,748,012.0500","","","","48,420,207.9100","-1,588,448.3700","16,036,515.9800","42,661,747.5600","51,921,747.9000","3,183,442.4200","36,486,893.0200","77,976,602.8000","71,386,847.7200","3,883,635.0600","28,046,140.8500","101,176,651.6700","179,793,571.4400","6,419,458.6700","94,327,336.5300","201,056,203.9500","276,489,276.0200"
