"","证券代码","申万一级行业","主营业务利润..报告期..1993一季..报表类型..合并报表..单位..元","主营业务利润..报告期..1993中报..报表类型..合并报表..单位..元","主营业务利润..报告期..1993三季..报表类型..合并报表..单位..元","主营业务利润..报告期..1993年报..报表类型..合并报表..单位..元","主营业务利润..报告期..1994一季..报表类型..合并报表..单位..元","主营业务利润..报告期..1994中报..报表类型..合并报表..单位..元","主营业务利润..报告期..1994三季..报表类型..合并报表..单位..元","主营业务利润..报告期..1994年报..报表类型..合并报表..单位..元","主营业务利润..报告期..1995一季..报表类型..合并报表..单位..元","主营业务利润..报告期..1995中报..报表类型..合并报表..单位..元","主营业务利润..报告期..1995三季..报表类型..合并报表..单位..元","主营业务利润..报告期..1995年报..报表类型..合并报表..单位..元","主营业务利润..报告期..1996一季..报表类型..合并报表..单位..元","主营业务利润..报告期..1996中报..报表类型..合并报表..单位..元","主营业务利润..报告期..1996三季..报表类型..合并报表..单位..元","主营业务利润..报告期..1996年报..报表类型..合并报表..单位..元","主营业务利润..报告期..1997一季..报表类型..合并报表..单位..元","主营业务利润..报告期..1997中报..报表类型..合并报表..单位..元","主营业务利润..报告期..1997三季..报表类型..合并报表..单位..元","主营业务利润..报告期..1997年报..报表类型..合并报表..单位..元","主营业务利润..报告期..1998一季..报表类型..合并报表..单位..元","主营业务利润..报告期..1998中报..报表类型..合并报表..单位..元","主营业务利润..报告期..1998三季..报表类型..合并报表..单位..元","主营业务利润..报告期..1998年报..报表类型..合并报表..单位..元","主营业务利润..报告期..1999一季..报表类型..合并报表..单位..元","主营业务利润..报告期..1999中报..报表类型..合并报表..单位..元","主营业务利润..报告期..1999三季..报表类型..合并报表..单位..元","主营业务利润..报告期..1999年报..报表类型..合并报表..单位..元","主营业务利润..报告期..2000一季..报表类型..合并报表..单位..元","主营业务利润..报告期..2000中报..报表类型..合并报表..单位..元","主营业务利润..报告期..2000三季..报表类型..合并报表..单位..元","主营业务利润..报告期..2000年报..报表类型..合并报表..单位..元","主营业务利润..报告期..2001一季..报表类型..合并报表..单位..元","主营业务利润..报告期..2001中报..报表类型..合并报表..单位..元","主营业务利润..报告期..2001三季..报表类型..合并报表..单位..元","主营业务利润..报告期..2001年报..报表类型..合并报表..单位..元","主营业务利润..报告期..2002一季..报表类型..合并报表..单位..元","主营业务利润..报告期..2002中报..报表类型..合并报表..单位..元","主营业务利润..报告期..2002三季..报表类型..合并报表..单位..元","主营业务利润..报告期..2002年报..报表类型..合并报表..单位..元","主营业务利润..报告期..2003一季..报表类型..合并报表..单位..元","主营业务利润..报告期..2003中报..报表类型..合并报表..单位..元","主营业务利润..报告期..2003三季..报表类型..合并报表..单位..元","主营业务利润..报告期..2003年报..报表类型..合并报表..单位..元","主营业务利润..报告期..2004一季..报表类型..合并报表..单位..元","主营业务利润..报告期..2004中报..报表类型..合并报表..单位..元","主营业务利润..报告期..2004三季..报表类型..合并报表..单位..元","主营业务利润..报告期..2004年报..报表类型..合并报表..单位..元","主营业务利润..报告期..2005一季..报表类型..合并报表..单位..元","主营业务利润..报告期..2005中报..报表类型..合并报表..单位..元","主营业务利润..报告期..2005三季..报表类型..合并报表..单位..元","主营业务利润..报告期..2005年报..报表类型..合并报表..单位..元","主营业务利润..报告期..2006一季..报表类型..合并报表..单位..元","主营业务利润..报告期..2006中报..报表类型..合并报表..单位..元","主营业务利润..报告期..2006三季..报表类型..合并报表..单位..元","主营业务利润..报告期..2006年报..报表类型..合并报表..单位..元","主营业务利润..报告期..2007一季..报表类型..合并报表..单位..元","主营业务利润..报告期..2007中报..报表类型..合并报表..单位..元","主营业务利润..报告期..2007三季..报表类型..合并报表..单位..元","主营业务利润..报告期..2007年报..报表类型..合并报表..单位..元","主营业务利润..报告期..2008一季..报表类型..合并报表..单位..元","主营业务利润..报告期..2008中报..报表类型..合并报表..单位..元","主营业务利润..报告期..2008三季..报表类型..合并报表..单位..元","主营业务利润..报告期..2008年报..报表类型..合并报表..单位..元","主营业务利润..报告期..2009一季..报表类型..合并报表..单位..元","主营业务利润..报告期..2009中报..报表类型..合并报表..单位..元","主营业务利润..报告期..2009三季..报表类型..合并报表..单位..元","主营业务利润..报告期..2009年报..报表类型..合并报表..单位..元","主营业务利润..报告期..2010一季..报表类型..合并报表..单位..元","主营业务利润..报告期..2010中报..报表类型..合并报表..单位..元","主营业务利润..报告期..2010三季..报表类型..合并报表..单位..元","主营业务利润..报告期..2010年报..报表类型..合并报表..单位..元","主营业务利润..报告期..2011一季..报表类型..合并报表..单位..元","主营业务利润..报告期..2011中报..报表类型..合并报表..单位..元","主营业务利润..报告期..2011三季..报表类型..合并报表..单位..元","主营业务利润..报告期..2011年报..报表类型..合并报表..单位..元","主营业务利润..报告期..2012一季..报表类型..合并报表..单位..元","主营业务利润..报告期..2012中报..报表类型..合并报表..单位..元","主营业务利润..报告期..2012三季..报表类型..合并报表..单位..元","主营业务利润..报告期..2012年报..报表类型..合并报表..单位..元","主营业务利润..报告期..2013一季..报表类型..合并报表..单位..元","主营业务利润..报告期..2013中报..报表类型..合并报表..单位..元","主营业务利润..报告期..2013三季..报表类型..合并报表..单位..元","主营业务利润..报告期..2013年报..报表类型..合并报表..单位..元","主营业务利润..报告期..2014一季..报表类型..合并报表..单位..元","主营业务利润..报告期..2014中报..报表类型..合并报表..单位..元","主营业务利润..报告期..2014三季..报表类型..合并报表..单位..元","主营业务利润..报告期..2014年报..报表类型..合并报表..单位..元","主营业务利润..报告期..2015一季..报表类型..合并报表..单位..元","主营业务利润..报告期..2015中报..报表类型..合并报表..单位..元","主营业务利润..报告期..2015三季..报表类型..合并报表..单位..元","主营业务利润..报告期..2015年报..报表类型..合并报表..单位..元","主营业务利润..报告期..2016一季..报表类型..合并报表..单位..元","主营业务利润..报告期..2016中报..报表类型..合并报表..单位..元","主营业务利润..报告期..2016三季..报表类型..合并报表..单位..元","主营业务利润..报告期..2016年报..报表类型..合并报表..单位..元","主营业务利润..报告期..2017一季..报表类型..合并报表..单位..元","主营业务利润..报告期..2017中报..报表类型..合并报表..单位..元","主营业务利润..报告期..2017三季..报表类型..合并报表..单位..元","主营业务利润..报告期..2017年报..报表类型..合并报表..单位..元"
"11","000012.SZ","建筑材料","","","","189,270,711.2800","","104,416,299.1100",NA,"180,199,614.2500","","99,456,979.3400","","126,973,414.2500","","81,117,735.5600","","146,304,427.9900","","62,207,633.8900",NA,"117,400,464.0000","","111,103,230.0200","","249,291,387.1500","","132,603,171.7900",NA,"272,040,802.9400","","184,268,553.5200","","415,403,650.9500","","179,307,180.1500","284,163,194.0000","376,231,009.0000","82,113,415.0000","193,741,128.0000","301,683,630.0000","404,509,958.0000","92,868,613.0000","202,690,040.0000","341,603,225.0000","478,916,871.0000","150,429,867.0000","322,631,959.0000","508,294,087.0000","626,214,500.0000","150,306,547.0000","352,501,314.0000","556,681,724.0000","735,683,128.0000","161,580,182.0000","405,359,456.0000","658,750,595.0000","938,874,283.0000","253,950,415.0000","539,640,607.0000","940,367,327.0000","1,266,565,618.0000","316,966,161.0000","686,783,304.0000","1,023,202,421.0000","1,273,753,978.0000","229,467,020.0000","643,669,825.0000","1,197,911,686.0000","1,838,394,012.0000","562,680,467.0000","1,196,649,884.0000","1,924,904,639.0000","2,793,676,003.0000","749,142,993.0000","1,534,865,895.0000","2,140,989,764.0000","2,548,967,400.0000","284,149,829.0000","690,097,863.0000","1,163,746,700.0000","1,591,678,660.0000","395,172,324.0000","999,051,964.0000","1,631,002,518.0000","2,184,635,462.0000","373,479,821.0000","807,666,870.0000","1,268,234,008.0000","1,688,119,451.0000","314,662,525.0000","664,870,558.0000","1,076,622,158.0000","1,567,533,756.0000","502,562,570.0000","1,127,962,467.0000","1,752,463,349.0000","2,308,709,488.0000","513,616,336.0000","1,145,077,624.0000","1,868,166,669.0000","2,538,518,448.0000"
"20","000023.SZ","建筑材料","","","","27,288,231.0200","","16,246,294.6300",NA,"7,623,464.0000","","11,341,401.1300","","-6,679,099.0800","","-13,479,401.4900","","-36,439,468.6700","","-11,625,439.4300",NA,"-32,750,706.1500","","10,621,774.2800","","59,410,727.0700","","14,297,248.4200",NA,"56,723,567.5300","","27,761,083.9700","","39,457,623.0700","","11,755,253.6400","","27,531,982.7300","6,343,721.6500","21,946,686.5900","32,969,034.8100","54,708,947.6400","11,585,718.4900","31,795,430.0500","46,329,766.5200","70,828,030.0200","11,582,137.2800","27,002,730.4600","40,158,231.2400","59,667,627.6700","11,001,348.7100","29,577,175.7800","43,554,454.4700","58,775,483.6800","8,604,634.5000","24,391,069.7000","36,636,201.2000","95,097,528.0100","27,469,934.8200","35,514,537.9200","40,705,195.0500","70,643,188.9000","7,857,987.7700","31,006,090.0800","48,328,490.5500","88,978,097.1200","9,508,392.7100","29,695,838.4900","56,097,546.4600","97,374,744.6400","7,302,476.8700","36,951,753.8000","69,206,156.5100","118,322,316.3700","20,801,867.8600","39,776,632.0100","63,085,707.2500","114,048,824.2500","12,538,712.4800","37,224,800.5200","62,867,052.7500","90,928,088.9700","10,146,872.0700","62,625,948.7900","86,390,956.4100","129,370,659.3700","14,512,737.1400","46,547,991.5300","87,500,967.7100","133,075,423.2100","19,242,651.4900","66,527,015.4900","113,817,204.2700","180,288,405.0500","23,167,391.4000","62,125,644.7300","93,567,475.6000","120,309,882.2600","14,205,195.9800","46,855,699.9300","88,015,020.5400","126,022,862.6800"
"76","000401.SZ","建筑材料","","","","196,539,000.0000","","",NA,"190,790,000.0000","","","","181,353,487.5000","","79,639,707.6000","","146,581,324.9900","","67,159,988.4300",NA,"160,869,683.5100","","98,372,711.8600","","203,176,240.0600","","103,532,512.3600",NA,"218,479,979.6900","","120,647,127.1100","","241,769,330.7400","","142,942,663.6300","","352,473,701.5000","49,812,113.1800","143,661,010.0700","273,810,595.8800","375,869,502.3800","59,017,101.5900","189,511,998.8700","358,494,288.9700","475,530,249.9900","89,287,475.5300","232,902,795.6300","400,136,497.3100","488,173,950.6700","65,399,581.3100","245,028,419.0000","419,776,076.9700","534,892,313.8700","87,189,739.4600","304,588,884.1100","541,882,822.6800","670,669,672.4100","63,400,602.0700","363,904,762.0700","689,753,185.1700","1,003,472,474.0300","135,879,906.6600","523,684,260.9900","837,006,008.0600","1,267,482,444.6000","153,931,237.3000","781,049,172.9500","1,559,042,641.6200","2,151,970,683.1200","299,352,037.2700","1,363,078,131.9100","2,476,425,190.1000","3,430,882,331.3400","594,232,515.8000","2,260,640,565.9100","3,799,444,810.7500","4,729,123,754.2900","366,529,176.2300","1,532,021,131.6800","2,607,652,875.8400","3,368,667,023.0300","156,548,544.9800","1,379,379,877.6900","2,747,932,818.6200","3,909,964,283.7100","236,777,743.2800","1,280,030,150.9300","2,396,854,729.5700","3,201,626,945.0700","49,378,134.7700","537,132,854.0700","1,188,240,673.0400","1,638,237,494.3100","-32,028,865.1500","694,223,721.2900","1,924,424,990.0900","2,834,522,131.4600","339,243,224.9000","1,780,534,787.2500","3,175,330,649.9300","4,344,942,325.0400"
"109","000509.SZ","建筑材料","","","","31,869,599.8400","","19,947,166.6000",NA,"39,222,369.1500","","4,458,200.0000","","-4,070,538.6700","","","","-2,837,580.4100","","103,800.0000",NA,"-39,117,401.8500","","16,761,820.3700","","68,558,935.3100","","42,906,301.6400",NA,"71,066,094.7800","","46,441,782.0800","","82,295,166.5100","","42,937,778.0000","56,103,142.2300","80,961,212.3500","4,940,000.0000","9,334,960.0100","13,497,295.5100","9,733,176.5300","6,757,328.4300","18,611,683.6000","35,372,325.4400","39,204,169.1400","25,817,937.3000","39,951,694.2300","60,374,997.3600","52,363,890.0700","22,441,735.6000","49,468,129.1900","65,447,576.1200","47,215,863.4800","19,333,246.9900","35,726,045.7200","55,102,976.0800","78,573,152.8700","10,100,774.9400","23,914,845.2700","38,880,712.7300","88,313,751.7600","22,737,151.8300","18,387,941.9400","25,489,692.3700","27,506,854.5200","13,788,972.5400","33,956,093.7100","48,315,839.1300","135,318,808.7800","7,533,673.3400","19,024,881.1800","40,968,067.4700","44,957,532.7000","1,711,716.3000","5,581,850.7000","10,511,337.7300","21,529,954.7200","4,273,985.5200","11,274,855.5600","18,271,705.8300","-1,109,952.4300","1,140,100.5300","5,457,339.7200","15,949,616.1000","9,711,735.3900","6,921,187.4200","12,648,389.7100","28,655,357.4200","21,772,349.2200","3,837,922.6200","9,516,602.1700","17,318,839.1900","29,360,172.1300","573,084.3200","3,185,404.9300","4,827,768.0500","3,205,047.3800","2,073,443.9400","8,889,909.4300","13,744,277.8000","20,080,808.1500"
"139","000546.SZ","建筑材料","","","","8,687,948.4500","","5,608,542.5600",NA,"5,038,036.1800","","3,756,503.6500","","5,202,028.4800","","-8,043,213.8000","","-14,732,010.3800","","-15,354,058.8100",NA,"-42,915,119.7300","","6,981,422.4700","","10,274,204.9700","","3,991,228.9700",NA,"8,562,282.0300","","2,145,063.9400","","10,907,802.5700","-590,000.0000","-258,805.0600","208,000.0000","178,680.7700","","25,116,536.8400","28,965,066.4200","33,512,154.1000","849,967.4900","6,273,037.9600","10,064,530.7900","26,453,736.1200","237,924.2000","2,048,211.1700","3,361,458.1300","7,359,024.6800","474,299.1900","835,195.4300","913,900.5100","54,087,554.9900","636,090.5800","24,919,001.4800","45,718,656.7500","53,372,426.1200","913,912.5500","913,912.5500","913,912.5500","44,346,176.0600","909,140.2100","1,540,379.7300","1,540,379.7300","1,827,208.3100","5,122,031.2300","6,801,494.4100","6,332,738.1200","25,169,890.2400","1,810,442.8100","3,984,352.7500","4,834,785.2000","16,651,260.7800","22,764,214.7500","23,898,969.0500","24,583,295.8400","28,421,521.9200","25,298,705.2000","25,993,612.3400","27,745,229.0000","25,307,210.2700","2,092,121.9300","6,482,325.2300","15,376,075.2600","15,738,890.7400","-1,115,216.0700","3,081,980.5300","10,431,294.8400","389,047,699.3000","-1,628,766.5700","62,056,043.7600","282,167,277.1700","610,982,474.6000","24,830,643.6700","315,112,162.4200","596,938,373.3400","786,375,791.4300","13,607,341.6600","256,949,904.9700","594,146,057.0200","909,737,472.3500"
"195","000619.SZ","建筑材料","","","","11,679,000.0000","","",NA,"11,763,000.0000","","","","15,515,000.0000","","","","16,523,784.2100","","4,878,973.7500",NA,"14,697,308.1700","","6,537,275.2000","","19,139,734.3000","","5,898,151.4700",NA,"21,346,090.2200","","54,991,155.9700","","102,749,318.2600","","102,754,826.3700","183,543,282.3600","276,739,649.0600","68,393,425.6200","162,414,221.9100","253,143,079.2700","343,132,077.6500","59,124,167.4000","96,653,883.7200","148,901,709.9700","190,281,211.9300","27,643,611.2300","82,430,984.6400","178,705,370.8900","250,662,620.8500","85,119,050.4200","230,343,633.1200","364,831,389.4300","437,852,252.5500","77,053,981.4700","222,697,021.1900","360,592,062.4300","447,109,500.3200","97,625,260.6400","251,165,421.9900","359,590,581.0400","436,125,082.8400","84,964,133.0700","221,477,716.1600","304,213,822.4900","401,003,504.3400","105,906,608.5100","305,232,467.8500","487,988,727.5500","578,659,875.9500","88,256,446.5400","213,281,765.3600","325,793,043.0200","421,804,872.3100","60,552,082.9400","160,651,072.1400","249,716,805.2900","355,130,835.6500","96,333,455.8000","271,206,569.0100","440,941,260.8000","572,263,368.2300","89,155,978.2600","254,463,473.7600","414,578,174.3300","549,684,667.5000","92,135,624.4800","263,343,147.8400","421,038,791.2400","539,710,007.6200","78,417,100.6600","235,635,001.4200","383,327,106.6400","520,087,235.8100","98,145,607.3500","249,619,842.1700","379,044,534.0400","420,645,298.6800","33,170,171.3500","132,763,325.3200","235,577,096.4500","317,695,885.8400"
"230","000672.SZ","建筑材料","","","","","","",NA,"6,321,186.8800","","","","8,185,869.8400","","","","7,845,010.6800","","6,306,924.4000",NA,"7,550,228.0800","","8,816,379.2600","","30,601,243.3500","","4,571,601.7000",NA,"9,795,601.4200","","10,523,619.3300","","16,174,234.0600","","10,476,396.4200","","23,808,815.5900","3,817,434.5500","5,426,811.0300","12,277,143.2200","2,299,393.7200","660,318.0900","917,301.1200","1,576,912.3200","94,317.2100","15,272,540.6000","16,708,026.7200","17,181,276.6300","5,319,046.8300","3,482,225.4000","1,046,212.3200","1,424,338.3300","-1,478,396.8900","-434,998.6100","1,195,220.5000","864,029.2700","-1,809,234.8100","-23,327.8300","52,223.5000","100,854.1500","-225,563.2500","121,472.5000","195,587.8400","330,267.3500","430,688.0700","49,988.7600","156,123.2700","371,532.5300","383,891.4000","70,419.1300","318,015.4800","303,839.6200","1,128,859.8900","456,909.2600","1,049,139.4100","1,761,824.7700","2,179,307.6800","183,030.1200","1,576,873.3600","7,822,889.5700","11,191,603.7900","170,611.3300","146,785,307.0200","270,899,786.1300","599,556,664.7500","206,946,523.3800","402,149,775.1300","577,140,199.6100","777,573,346.6700","95,590,235.1200","170,099,830.9800","228,656,259.4900","329,752,321.1300","32,050,422.2100","184,005,281.0400","349,402,914.1400","523,703,237.7600","209,654,528.6300","544,608,142.1100","912,487,423.7900","1,523,116,994.5000"
"308","000786.SZ","建筑材料","","","","","","",NA,"46,312,575.0000","","","","47,397,986.0000","","","","54,449,933.0000","","41,130,286.0700",NA,"93,770,294.0000","","32,442,650.2600","","90,271,979.2000","","33,089,553.0600",NA,"88,456,841.2000","","38,251,075.7300","","105,082,065.2900","","62,545,399.7100","","152,332,635.1500","30,175,001.0600","75,210,207.1200","117,358,466.8400","175,056,319.0900","38,869,304.7900","73,419,233.4300","119,084,464.7300","180,420,227.8300","43,008,731.5400","79,983,135.2600","123,295,159.1000","191,247,376.3100","48,759,682.1000","146,089,117.6200","267,711,975.5600","339,173,655.0900","77,940,725.9100","197,890,059.6600","303,026,329.3100","476,098,626.2300","92,627,780.6400","234,361,017.5100","403,968,407.6700","633,863,112.1400","79,607,773.1400","234,770,072.4700","363,377,378.1200","550,084,615.4800","127,767,949.2400","378,305,133.8100","690,706,529.3800","1,003,465,213.7300","187,085,267.2500","488,865,012.1700","821,599,026.2400","1,177,237,690.8900","197,088,662.2500","547,778,121.0300","939,170,123.4000","1,348,750,596.9200","251,549,340.3700","699,048,531.5300","1,215,223,185.5000","1,757,304,088.8800","324,605,058.8200","931,538,136.0300","1,555,641,680.8900","2,208,983,315.2200","387,785,635.2200","1,123,303,974.8000","1,796,698,258.7800","2,462,387,129.8800","367,132,306.8800","1,060,996,685.4600","1,693,735,988.2700","2,320,126,697.5400","405,237,439.9200","1,217,153,935.3200","2,014,993,798.6700","2,675,659,071.3400","465,073,592.2900","1,355,075,626.1800","2,647,881,499.8100","4,001,179,782.8600"
"310","000789.SZ","建筑材料","","","","","","",NA,"48,577,806.0000","","","","46,963,661.0000","","","","41,230,288.0000","9,857,338.0000","",NA,"41,852,516.5900","","43,218,992.4400","","96,179,020.9000","","51,985,389.0100",NA,"109,325,833.6200","","47,953,477.0300","","95,381,741.6500","","53,280,874.3400","","104,430,673.6400","24,339,628.7500","47,845,959.4000","65,321,375.3400","95,016,169.7600","23,876,574.2200","51,901,866.9200","83,564,302.7600","171,962,623.3400","54,329,237.0700","93,087,924.4100","105,070,630.4400","108,544,052.2400","1,240,024.9000","-3,067,459.6400","-1,609,130.9400","16,659,017.5800","25,301,830.8100","52,018,546.4300","79,000,503.0000","145,343,342.6600","49,644,389.3800","94,810,717.0500","141,449,975.3300","222,082,646.5100","63,799,699.9800","172,518,113.5700","256,310,497.7700","365,157,548.7500","71,243,486.1900","158,533,293.3300","302,948,057.2100","509,484,550.7700","95,943,183.3000","157,715,297.4900","311,330,521.8600","770,017,049.6100","339,014,385.5600","785,298,798.7800","1,184,318,111.3500","1,565,851,033.4300","154,564,374.8400","323,057,060.0200","534,323,830.3200","879,856,052.8900","195,448,203.4300","533,839,428.0900","918,293,977.7600","1,574,033,257.1000","330,979,945.3000","735,019,886.9400","1,141,061,216.8900","1,776,764,756.2400","244,594,397.7300","445,819,745.8900","682,490,650.3400","1,142,792,792.9000","130,796,274.7700","404,502,884.2400","761,648,249.5000","1,284,709,032.6400","166,182,331.6400","505,549,495.0700","996,622,198.5700","1,815,813,819.1900"
"366","000877.SZ","建筑材料","","","","","","",NA,"","","","","25,291,585.0600","","","","28,794,177.4600","","",NA,"28,296,255.4700","","","","70,223,333.3700","","37,122,841.5300",NA,"102,925,178.1500","","51,062,381.7400","","128,470,129.2200","","105,190,437.5000","","243,491,459.7000","12,617,639.4400","130,549,744.2400","241,867,344.4000","289,967,090.8000","23,265,405.0100","167,731,032.5400","343,354,989.4400","404,472,449.5000","39,908,848.8700","169,909,709.3900","329,529,972.0700","410,006,522.2300","16,861,592.9400","163,690,992.1000","314,619,606.0800","380,774,193.9400","27,542,078.6000","197,371,094.7800","367,070,580.7200","450,160,981.5900","34,644,755.2000","225,013,480.9200","487,589,946.9400","615,598,612.1800","42,037,889.5100","369,834,649.3700","742,807,050.4400","901,697,617.7700","74,330,609.8400","484,080,827.9700","871,535,754.4400","1,059,952,018.0200","66,333,827.4700","526,803,415.8700","1,123,028,998.8900","1,611,601,578.5400","178,432,259.1100","1,132,078,990.8600","2,200,937,680.0000","2,654,904,913.2800","101,782,231.8200","758,726,399.8800","1,315,043,652.9500","1,510,503,507.1400","18,911,469.8200","702,543,133.2200","1,345,142,796.7800","1,638,756,317.9200","135,977,263.5000","654,969,724.1200","1,029,482,374.9300","1,303,912,919.0400","22,684,389.3800","286,714,500.0400","541,676,907.4300","631,961,280.7400","2,226,480.0700","383,021,178.1900","744,051,286.2400","1,012,392,374.2500","93,295,948.5000","603,747,113.5500","1,220,316,944.0500","1,944,110,259.2000"
"372","000885.SZ","建筑材料","","","","","","",NA,"","","","","91,875,112.4200","","","","91,961,667.8300","","",NA,"93,935,199.6500","","","","77,302,026.8000","","24,099,007.4400",NA,"31,707,063.0000","","2,518,986.6700","","10,520,294.3700","","-6,636,993.3000","","-26,780,536.3800","-2,267,412.8200","-10,710,580.8400","-11,599,376.7900","-12,083,094.9700","4,343,499.0700","5,754,122.6100","13,795,468.2300","14,281,625.1400","2,417,215.2300","3,181,623.0200","6,101,330.5100","8,047,511.0600","815,072.0300","-968,489.1000","-1,557,742.2500","133,033.0800","2,286,054.8700","2,781,762.5700","4,775,872.1000","6,963,914.3500","27,619,686.0100","64,781,755.5900","99,529,325.2300","161,501,833.2700","38,571,843.6600","88,750,983.3100","147,423,406.9800","197,032,575.0100","39,169,992.0300","82,324,981.2400","432,879,577.9600","568,516,592.4100","70,717,111.9500","188,594,233.5500","285,650,451.4800","595,394,079.2900","211,941,235.2100","529,617,283.9100","782,663,773.6400","967,444,726.2900","166,781,579.8100","450,431,333.7400","698,195,777.1200","880,384,614.0300","92,742,420.2100","293,925,756.1600","488,265,213.8800","752,253,654.5300","151,441,622.4800","398,590,369.2300","599,673,229.8100","834,145,703.5800","107,338,757.0900","306,627,212.7800","449,197,318.0300","626,109,922.8900","86,028,988.0400","283,865,518.8200","436,379,983.1100","742,082,534.6300","204,282,751.5800","571,056,429.9800","1,573,369,876.8200","1,870,257,259.9500"
"413","000935.SZ","建筑材料","","","","","","",NA,"","","","","","","","","81,395,365.6000","","",NA,"86,247,734.9100","","","","86,653,494.1600","","56,990,771.1700",NA,"124,394,518.1200","","64,286,328.5000","","152,556,765.2000","","86,841,308.0200","","145,878,607.9000","27,331,447.7100","67,017,664.7000","93,227,795.1500","126,315,120.1900","25,294,375.4000","57,011,824.8100","76,274,616.2200","95,519,519.9700","13,699,275.8100","28,935,781.5600","44,867,913.2700","42,912,111.8600","12,595,539.4300","27,385,155.7100","40,520,905.1300","53,298,812.5300","11,463,859.4700","32,771,598.6200","54,533,738.5500","65,489,000.0900","4,104,057.7500","11,694,697.2000","6,833,033.3100","19,142,194.4800","25,423,378.7000","70,535,389.5600","113,485,489.7300","130,525,216.6500","28,193,221.7700","86,193,622.4500","128,711,551.8500","170,268,756.8500","35,384,998.5500","72,584,939.7700","100,400,616.9900","132,733,404.9000","54,384,472.9000","183,795,533.1100","302,446,447.7500","420,093,632.3000","-22,817,698.9600","36,265,846.8200","90,675,218.1800","160,648,162.0100","29,318,309.9300","143,233,734.8300","216,317,676.2000","337,081,882.8300","67,871,459.2700","197,565,773.2600","283,900,057.0300","381,364,571.1500","27,093,037.9900","93,539,074.5100","134,447,060.3900","193,403,537.9800","34,864,314.4400","133,590,516.6300","214,693,674.6500","355,317,700.5000","50,026,389.1500","204,839,852.4700","336,227,260.0800","563,906,376.7000"
"507","002043.SZ","建筑材料","","","","","","",NA,"","","","","","","","","","","",NA,"","","","","","","",NA,"","","","","","","","","","","","","44,634,649.9200","","","","54,405,406.9500","","27,188,220.0500","39,174,168.4400","61,908,285.6300","13,840,601.3700","36,931,783.2100","52,405,174.9900","75,074,464.9900","16,639,751.1000","47,065,950.2900","76,873,315.0000","108,905,804.6400","21,357,278.9100","65,462,939.1700","103,007,929.6700","144,257,946.4400","24,649,075.5900","71,642,381.4800","111,060,098.6700","140,983,920.9500","13,933,517.5300","45,836,972.3700","81,446,858.5200","116,304,963.0400","23,593,074.3100","71,488,418.3000","111,717,304.8700","154,134,500.9600","30,128,138.1400","85,578,242.3900","132,383,937.2500","176,575,653.6200","27,133,943.6000","86,006,107.5000","136,953,941.3000","178,733,560.4900","28,519,782.4300","79,242,733.0000","136,287,987.1400","183,247,481.5200","35,096,997.5700","96,726,185.6500","159,476,566.6300","220,107,433.3600","40,026,649.7600","111,515,853.0800","188,194,765.7100","276,711,616.9900","68,912,119.3400","206,565,713.0600","346,619,914.5100","503,084,146.7200","110,442,895.7300","302,945,609.5600","493,971,833.8800","694,806,949.8400"
"530","002066.SZ","建筑材料","","","","","","",NA,"","","","","","","","","","","",NA,"","","","","","","",NA,"","","","","","","","","","","","","","","","","27,885,621.6900","","","","37,727,314.3900","","17,736,623.8500","26,489,722.2500","35,901,359.1700","6,279,714.9600","18,685,321.8100","28,457,117.8700","42,103,382.2200","7,364,690.6700","25,651,290.6700","48,806,369.5000","76,106,492.1600","18,451,896.2700","54,971,608.4800","97,011,838.4000","123,802,520.2100","28,547,199.1000","61,411,726.2400","103,466,548.5600","139,617,609.0800","41,676,303.7900","97,570,984.5500","150,507,101.5100","225,542,654.0200","73,576,879.2800","174,827,343.1600","268,811,238.9000","361,291,875.7800","80,809,042.6300","154,684,873.2500","236,940,331.1100","340,831,338.1600","98,226,700.4700","184,713,588.3100","268,308,628.4600","373,037,393.6700","121,391,075.5600","236,723,336.7500","329,598,372.9500","489,763,003.0500","120,378,206.9300","231,068,357.9000","324,939,992.1500","422,555,155.2600","103,803,204.6900","206,196,550.5500","301,181,707.6300","402,829,651.2100","115,732,457.4600","232,037,493.5200","352,575,583.7400","471,138,038.3000"
"546","002082.SZ","建筑材料","","","","","","",NA,"","","","","","","","","","","",NA,"","","","","","","",NA,"","","","","","","","","","","","","","","","","45,375,945.7100","","","","65,335,686.7300","","","47,857,511.7600","69,281,783.1400","15,304,062.1500","45,740,738.0300","77,950,846.1900","120,242,815.3300","25,187,160.2200","66,073,457.0600","107,940,150.6500","151,397,795.8800","40,079,048.6100","95,444,786.8300","151,526,891.7600","191,078,576.2400","32,936,382.3000","97,288,126.3700","175,575,660.9500","256,253,970.7800","57,815,812.0700","132,255,667.4300","214,654,034.5700","312,387,833.0800","72,862,819.6200","165,902,650.5900","250,858,472.4200","321,540,587.1500","50,159,378.2800","113,563,394.2700","167,234,672.8500","234,336,717.2200","52,393,908.4700","121,186,773.0300","183,753,007.3000","265,411,406.6000","48,787,106.9800","125,348,286.9700","197,799,032.1900","266,218,375.2300","34,463,517.3400","103,817,980.5300","160,119,840.2900","178,586,682.1900","36,217,351.7300","92,309,825.9400","136,042,302.3900","163,925,434.5800","32,061,473.2000","77,212,241.0800","141,315,895.3300","215,196,771.3500"
"552","002088.SZ","建筑材料","","","","","","",NA,"","","","","","","","","","","",NA,"","","","","","","",NA,"","","","","","","","","","","","","","","","","70,245,322.9600","","","","105,675,934.1100","","","102,622,733.2400","150,979,599.1200","36,653,587.8600","78,847,371.5600","130,286,134.0000","196,806,272.1500","49,815,334.0200","113,184,085.8100","178,704,130.1000","268,170,780.5000","61,052,133.6800","148,379,933.8200","219,468,256.5400","303,795,973.7400","54,227,820.3400","129,060,043.3800","191,868,822.2800","269,797,736.6700","51,831,965.8100","125,821,654.2500","201,440,867.7000","290,087,223.5700","55,338,050.4500","138,999,717.2200","215,329,579.0200","303,995,622.8500","47,829,345.8600","117,810,060.1100","194,328,516.6300","285,161,187.8600","55,388,067.3100","130,026,166.2500","204,269,778.3300","303,504,601.7800","64,390,104.0000","155,309,116.2600","240,972,296.6800","335,282,145.7100","65,135,494.0400","147,538,591.9000","226,977,658.1400","324,689,866.0000","63,631,226.8100","146,403,704.7400","254,689,122.4400","369,107,908.1200","73,016,072.3900","211,170,925.8400","377,557,935.0200","568,552,111.8700"
"626","002162.SZ","建筑材料","","","","","","",NA,"","","","","","","","","","","",NA,"","","","","","","",NA,"","","","","","","","","","","","","","","","","","","","","284,397,122.6000","","","","268,052,812.1400","","123,308,450.9700","210,292,147.9500","293,561,792.8700","42,697,944.6800","119,831,618.5200","196,852,272.5300","295,336,037.9600","47,167,180.5600","133,752,703.2000","218,104,045.2800","292,885,724.1900","29,645,947.1800","99,188,993.6700","186,259,561.8800","281,920,273.8600","49,659,218.7100","135,554,681.4800","215,077,728.7600","296,173,572.7300","24,306,207.5400","87,064,599.1200","149,397,864.1700","196,579,440.0200","29,786,375.4900","102,841,380.6700","160,163,837.2400","242,920,984.8800","43,356,391.3200","115,820,969.1200","189,303,930.7700","249,437,692.5700","36,399,558.0800","117,291,181.9600","187,165,211.4700","253,742,105.3700","31,839,413.2500","95,452,602.5600","158,733,184.1300","214,799,480.3100","37,826,382.8200","112,600,678.1900","181,728,205.1400","254,385,325.7400","43,910,892.6800","136,583,478.7200","216,088,292.0200","294,448,376.7400"
"627","002163.SZ","建筑材料","","","","","","",NA,"","","","","","","","","","","",NA,"","","","","","","",NA,"","","","","","","","","","","","","","","","","","","","","109,106,755.7100","","","","106,206,338.5100","","48,010,096.8000","70,282,374.1300","122,833,781.8100","23,790,077.9300","68,408,917.7000","103,545,782.7600","148,816,813.5300","30,276,894.5300","79,854,642.5400","116,859,045.8400","183,346,810.2800","32,842,092.2800","88,283,126.8300","137,157,623.1400","196,819,685.3900","46,409,310.7400","113,146,709.8700","173,650,094.9000","326,629,074.5400","107,873,997.8700","229,098,810.9700","331,529,185.5100","447,295,428.5400","52,597,747.6400","108,215,231.2400","181,108,883.5400","260,567,563.6500","55,438,907.5100","112,565,447.6300","156,296,501.5800","199,047,858.3200","80,504,453.3200","152,425,686.1400","224,709,114.0800","325,801,206.4600","66,638,483.4200","151,035,073.7400","191,225,772.5100","213,488,630.5800","129,082,273.2800","249,999,413.8300","394,247,099.9800","577,443,895.0300","99,149,358.5900","214,426,520.5600","344,947,473.1100","538,694,168.0700"
"669","002205.SZ","建筑材料","","","","","","",NA,"","","","","","","","","","","",NA,"","","","","","","",NA,"","","","","","","","","","","","","","","","","","","","","33,067,337.7200","","","","32,296,931.6700","","","31,292,510.4700","42,982,598.7300","149,410.2600","30,465,470.4100","69,074,623.2300","90,424,535.2600","221,420.6800","38,802,566.5000","76,477,074.8500","103,914,843.4900","5,038,103.8600","49,157,625.2100","89,783,495.4600","146,412,018.2900","38,974,372.1600","77,128,187.3200","114,951,759.8500","169,771,443.4900","2,881,372.4200","41,659,339.3800","97,160,476.1600","157,828,346.3900","3,269,122.6800","39,233,903.3300","84,968,346.0600","134,297,238.9100","12,917,976.3700","58,636,650.8600","119,074,354.8700","247,338,328.1400","10,969,960.0100","77,254,692.9300","132,307,980.5900","189,014,776.5900","4,533,598.7300","54,658,873.9200","71,711,925.3500","66,438,774.2000","1,091,503.7800","37,297,757.5500","62,018,105.4800","135,359,993.6400","4,094,160.0800","39,149,681.0200","73,399,872.2400","157,273,693.6900"
"689","002225.SZ","建筑材料","","","","","","",NA,"","","","","","","","","","","",NA,"","","","","","","",NA,"","","","","","","","","","","","","","","","","","","","","138,145,140.8400","","","","195,714,659.7000","","","","250,602,433.2200","64,624,144.4900","142,762,973.1100","222,260,303.3300","321,080,369.7500","93,436,251.7100","192,961,692.5600","289,727,143.6200","372,211,423.3300","88,107,955.0100","174,460,174.0200","282,433,962.8100","414,995,414.6300","125,683,502.8200","256,091,855.8900","400,201,308.5700","539,224,849.5700","149,363,119.2900","292,681,887.0700","428,024,041.2100","589,439,721.8000","135,929,174.6700","284,524,830.7700","429,874,679.0900","602,002,290.1200","149,995,448.9700","319,430,270.4300","485,718,924.7000","690,042,303.4800","182,043,133.5400","384,835,487.1200","574,425,770.4600","782,665,616.3000","209,692,070.8100","435,703,967.4100","643,476,219.1500","813,717,904.2800","162,591,581.4200","337,711,383.5000","518,533,688.2000","677,731,969.2900","183,037,759.2900","384,928,161.9200","577,501,640.4200","810,199,730.9700"
"697","002233.SZ","建筑材料","","","","","","",NA,"","","","","","","","","","","",NA,"","","","","","","",NA,"","","","","","","","","","","","","","","","","","","","","","","","","214,968,339.4200","","","","270,597,726.0500","89,255,091.5600","190,904,011.5100","311,848,724.5100","453,403,840.2300","156,241,619.9000","294,349,753.3000","425,190,841.5800","570,999,259.1800","118,185,395.4700","276,067,415.6800","422,958,887.1000","661,566,573.6500","148,001,485.5100","347,854,355.3000","549,172,412.2400","879,371,173.5300","256,109,508.9300","590,848,089.8500","890,334,945.8300","1,238,696,488.6500","172,595,182.1600","350,595,296.8300","465,448,119.0800","722,462,524.7500","156,750,519.7600","315,593,451.6800","535,352,990.1900","940,202,941.4500","322,549,359.4700","686,632,858.3100","955,156,030.4800","1,262,761,207.3200","209,596,639.8300","405,425,103.1600","573,585,414.1800","846,189,870.6800","128,498,025.6500","300,178,372.7700","519,358,259.5400","879,509,405.0600","229,594,894.5000","515,712,402.7000","818,908,449.3700","1,279,513,577.9100"
"734","002271.SZ","建筑材料","","","","","","",NA,"","","","","","","","","","","",NA,"","","","","","","",NA,"","","","","","","","","","","","","","","","","","","","","","","","","47,195,433.9500","","","","77,580,754.1700","","","76,262,482.4800","124,849,207.6600","20,805,161.1100","76,197,623.7700","132,634,850.2900","195,379,826.7700","35,322,538.5700","118,914,116.4200","201,015,857.0600","290,398,919.5400","60,315,423.8700","208,823,442.0000","342,239,752.5200","555,414,078.0200","94,791,057.4900","270,662,322.9600","444,406,705.7100","653,807,513.7900","123,104,023.8300","348,558,639.7900","604,483,728.2900","840,604,312.3200","147,397,784.6200","509,818,738.6400","891,535,668.7100","1,263,529,265.8700","279,116,383.7800","835,841,732.5300","1,284,143,464.9900","1,711,310,054.7800","278,543,764.7700","847,514,415.1200","1,426,590,417.6200","2,071,224,236.2600","402,261,842.8900","1,216,124,451.0000","2,087,479,230.7900","2,903,197,415.8600","586,115,994.5700","1,702,734,649.6600","2,714,607,617.7000","3,784,340,065.3900"
"765","002302.SZ","建筑材料","","","","","","",NA,"","","","","","","","","","","",NA,"","","","","","","",NA,"","","","","","","","","","","","","","","","","","","","","","","","","","","","","81,542,191.1700","","","","83,986,439.4000","","","112,936,641.5400","137,733,313.0800","-12,218,360.6300","54,877,799.3900","141,270,633.5300","168,701,992.6100","-15,931,724.7000","56,031,321.0800","168,059,431.9600","210,711,953.2000","-20,943,257.4900","92,476,501.1600","235,394,091.0500","323,788,219.4100","-32,526,190.1300","100,366,308.2000","230,933,116.5300","326,303,619.6200","35,992,319.8300","362,429,770.3200","706,365,639.9300","1,052,022,267.7200","22,236,878.6200","409,660,308.7200","799,301,948.8800","1,183,146,843.6800","62,875,744.6600","470,073,040.8500","952,401,384.5900","1,284,127,535.6200","183,714,982.0500","562,052,781.0000","925,322,562.6400","1,218,276,078.2000","47,734,212.2300","417,792,050.8600","795,675,990.5600","1,259,389,311.3900"
"786","002323.SZ","建筑材料","","","","","","",NA,"","","","","","","","","","","",NA,"","","","","","","",NA,"","","","","","","","","","","","","","","","","","","","","","","","","","","","","70,122,115.1500","","","","80,105,289.6200","","","67,716,296.6000","91,032,976.4700","26,318,358.4500","52,588,770.5800","74,670,265.3800","101,728,508.5300","24,386,036.7100","46,405,215.5000","61,777,712.6300","83,939,167.4300","21,813,394.1400","42,922,047.5700","64,927,001.5600","91,844,894.5400","20,137,130.9800","41,870,380.3300","57,237,805.9700","90,186,100.7000","14,573,667.8400","44,573,695.2500","68,500,606.9600","88,123,758.8500","16,647,511.4200","33,072,796.0600","51,182,893.2200","68,867,168.7100","10,279,044.4200","21,663,699.6700","252,533,917.0900","162,019,591.8200","27,758,419.9200","106,347,445.8300","197,961,238.5000","450,668,821.9500","52,420,173.7800","210,109,119.6800","328,145,996.4500","521,635,500.4400"
"796","002333.SZ","建筑材料","","","","","","",NA,"","","","","","","","","","","",NA,"","","","","","","",NA,"","","","","","","","","","","","","","","","","","","","","","","","","","","","","84,119,926.6100","","","","139,225,389.1300","","","118,772,369.7800","160,002,906.0800","41,350,503.9400","106,034,545.4200","167,810,758.9200","220,600,115.2600","31,426,520.0400","76,781,735.0500","122,399,727.9200","168,960,265.3300","32,050,566.4500","84,512,604.7800","135,089,866.5700","179,187,705.9400","35,265,294.9800","85,025,620.2700","134,906,581.1700","188,288,773.9800","37,606,114.8400","100,637,645.5800","151,822,659.1000","197,607,371.3700","35,843,348.6900","96,220,001.5600","142,537,936.7700","177,822,905.2800","13,229,232.5800","39,978,673.5800","66,255,430.1600","97,808,896.9000","20,441,456.5500","57,439,146.2800","84,346,700.4100","107,629,527.3700","13,610,028.3500","39,388,949.9200","66,021,908.9700","79,395,886.8100"
"809","002346.SZ","建筑材料","","","","","","",NA,"","","","","","","","","","","",NA,"","","","","","","",NA,"","","","","","","","","","","","","","","","","","","","","","","","","","","","","55,134,167.2700","","","","94,932,344.9400","","","74,259,133.7600","90,254,061.4800","20,610,387.2600","46,718,138.1100","62,462,362.3400","86,670,928.1800","9,793,670.8200","17,330,250.6400","22,971,120.6200","64,511,009.0600","19,307,703.9500","41,768,421.7200","65,318,588.3400","104,504,915.9900","12,794,110.0200","20,885,237.4500","38,188,187.8500","53,381,339.7100","1,230,030.2000","10,095,690.2900","9,862,218.8100","9,585,688.2400","-952,099.4100","6,004,781.3200","9,294,968.9900","107,805,837.7400","31,915,531.9600","61,459,437.6000","80,131,394.1800","102,447,501.9700","19,277,561.2800","51,057,878.2100","66,810,618.3100","96,878,092.2400","18,649,222.7900","36,689,042.5000","55,249,591.1000","119,135,392.6500"
"835","002372.SZ","建筑材料","","","","","","",NA,"","","","","","","","","","","",NA,"","","","","","","",NA,"","","","","","","","","","","","","","","","","","","","","","","","","","","","","114,158,272.0500","","","","212,876,888.0200","","","","277,522,905.1300","53,611,070.9200","152,368,259.2200","261,955,048.9100","357,172,235.6100","68,235,739.0900","189,850,190.0000","322,745,536.3000","467,848,177.4600","88,441,505.6600","259,265,108.6400","427,783,577.3200","572,535,370.3600","103,644,710.2400","289,136,741.0200","480,818,489.8300","683,895,719.3200","110,681,673.1900","342,077,370.2600","569,040,838.5300","827,790,393.7500","140,848,956.3600","409,415,918.9600","656,058,289.7200","948,437,984.2000","157,958,213.0800","467,432,399.4100","780,669,421.1600","1,179,983,269.7000","195,293,196.4900","592,753,662.2300","999,315,158.0800","1,508,038,034.8400","236,509,708.5900","700,114,186.5500","1,180,814,039.1400","1,780,089,073.8000"
"855","002392.SZ","建筑材料","","","","","","",NA,"","","","","","","","","","","",NA,"","","","","","","",NA,"","","","","","","","","","","","","","","","","","","","","","","","","","","","","112,427,760.6600","","","","153,908,234.2000","","","","146,304,921.5300","42,200,015.9000","96,622,023.9600","149,660,979.8700","218,979,229.1700","59,032,027.7900","121,206,215.6700","175,212,239.3600","241,797,659.4300","55,999,534.8300","142,891,077.7800","209,824,700.8000","296,068,161.9500","78,722,542.0700","182,572,542.3300","285,662,341.3300","372,006,644.3300","99,558,685.1300","221,520,364.3600","366,687,768.2400","512,445,740.4900","143,229,486.0800","309,138,889.3100","507,109,126.6400","665,025,050.1700","147,407,132.3300","308,883,895.7000","473,461,892.5800","608,710,354.6900","147,936,633.1800","333,087,904.6200","502,657,124.2900","681,737,225.7600","182,828,367.9000","371,778,183.0300","506,904,116.8600","791,537,223.3400"
"861","002398.SZ","建筑材料","","","","","","",NA,"","","","","","","","","","","",NA,"","","","","","","",NA,"","","","","","","","","","","","","","","","","","","","","","","","","","","","","92,000,788.4500","","","","111,379,686.6300","","","","102,518,549.8500","24,064,102.3800","56,477,896.2300","83,711,181.6300","114,122,660.7400","27,213,460.9400","51,434,526.8600","84,616,138.5700","129,854,787.8300","45,984,993.6000","112,278,926.2600","184,172,721.4300","277,310,054.2900","73,267,416.9100","176,470,513.1500","289,416,741.5700","417,020,340.5700","109,900,335.5700","252,976,637.9400","396,584,290.3200","552,810,267.9500","109,248,039.6500","262,819,978.2200","407,993,382.2300","572,286,268.5600","110,232,243.5300","245,389,961.5300","374,176,622.1800","517,799,014.6800","90,037,509.5600","200,030,703.5800","308,166,487.7100","441,041,103.9800","81,500,320.8900","199,025,259.7200","333,813,397.8600","503,689,218.3400"
"920","002457.SZ","建筑材料","","","","","","",NA,"","","","","","","","","","","",NA,"","","","","","","",NA,"","","","","","","","","","","","","","","","","","","","","","","","","","","","","","","","","94,296,532.2900","","","","146,390,884.6400","","86,077,251.2400","161,588,502.8000","236,596,072.7200","52,146,264.3700","122,521,030.3100","202,537,114.3500","283,456,106.8600","31,910,278.4500","111,409,170.7300","195,022,792.6000","271,166,943.2200","27,661,432.8000","85,258,661.3300","145,275,019.5900","215,091,057.5300","23,988,174.9200","101,408,621.0500","237,016,509.7000","397,919,728.0400","36,937,578.3400","118,908,606.9500","186,291,504.4200","271,101,663.3000","26,358,038.9900","81,243,744.1000","139,661,204.1900","249,560,125.1700","37,926,760.5000","93,578,060.4400","148,517,699.3200","224,630,190.4200","38,352,439.0400","99,552,281.0300","178,431,298.5700","342,142,359.0100"
"1058","002596.SZ","建筑材料","","","","","","",NA,"","","","","","","","","","","",NA,"","","","","","","",NA,"","","","","","","","","","","","","","","","","","","","","","","","","","","","","","","","","","","","","77,118,874.5000","","","","112,988,652.3100","20,649,892.1700","70,172,948.0200","104,854,778.3000","140,654,558.3700","19,074,022.5800","59,767,427.5000","88,471,737.8600","122,799,995.7000","21,997,240.7400","72,156,535.8800","118,505,816.2800","169,808,060.0700","38,101,981.0400","90,939,796.9000","129,723,580.8000","165,772,904.7500","27,013,498.7600","79,736,371.6000","124,241,521.7000","172,816,549.2300","24,327,295.1000","67,120,454.0300","115,369,976.6500","308,237,980.9500","29,535,423.7800","107,717,032.5500","208,942,670.8700","380,770,287.4400","77,680,944.3500","201,314,058.7000","345,431,482.0400","534,838,880.1900"
"1085","002623.SZ","建筑材料","","","","","","",NA,"","","","","","","","","","","",NA,"","","","","","","",NA,"","","","","","","","","","","","","","","","","","","","","","","","","","","","","","","","","","","","","15,790,262.9100","","","","117,345,015.3900","","","242,656,172.8100","330,084,179.1700","76,515,163.5700","138,276,183.3000","237,454,118.9200","302,822,983.4800","47,328,379.7000","100,523,845.2600","122,100,600.5300","139,413,485.7400","14,473,800.0600","35,857,416.4900","68,185,913.6200","107,154,229.5700","28,408,633.0300","46,714,063.9600","64,592,378.6500","115,019,089.4100","39,640,817.4300","79,950,978.3600","131,162,240.2100","171,275,481.4300","37,206,701.9900","102,443,712.0900","150,178,016.6000","195,831,083.5600","46,826,575.0300","107,207,261.1100","170,172,294.4700","217,505,723.9600"
"1103","002641.SZ","建筑材料","","","","","","",NA,"","","","","","","","","","","",NA,"","","","","","","",NA,"","","","","","","","","","","","","","","","","","","","","","","","","","","","","","","","","","","","","221,032,320.0700","","","","339,485,423.7800","","","260,922,149.6400","380,291,154.8000","84,088,442.0700","200,771,530.0200","320,310,149.4900","461,529,436.3700","110,410,765.0300","291,845,869.1700","470,202,487.6200","642,240,743.6000","128,853,609.3000","337,805,769.9900","536,559,357.2800","724,821,391.7400","133,805,776.0900","350,940,128.8000","557,104,601.0100","818,690,686.3300","165,876,268.5400","437,760,354.4900","704,500,265.9300","1,008,005,635.2200","195,013,339.6000","472,230,397.5500","769,238,809.2600","1,006,965,810.3900","169,738,181.4600","416,668,846.4000","711,160,560.4600","1,010,223,571.2400"
"1114","002652.SZ","建筑材料","","","","","","",NA,"","","","","","","","","","","",NA,"","","","","","","",NA,"","","","","","","","","","","","","","","","","","","","","","","","","","","","","","","","","","","","","70,484,323.4900","","","","95,568,049.7400","","","","141,834,173.3600","34,730,538.5800","80,033,718.7300","103,208,642.0600","144,735,650.6300","29,646,092.8400","55,263,122.8500","80,301,898.6100","118,116,871.9000","27,873,099.8900","56,903,827.9700","89,628,994.6000","123,190,493.5700","24,207,983.8800","57,426,102.6300","94,922,858.6300","133,422,701.3200","28,236,177.8900","94,191,445.1800","165,443,699.8100","244,549,600.8100","36,485,477.7500","104,211,019.8600","207,891,930.0600","309,049,993.7200","115,249,440.4700","216,796,036.5900","291,712,268.7600","423,050,101.9200"
"1133","002671.SZ","建筑材料","","","","","","",NA,"","","","","","","","","","","",NA,"","","","","","","",NA,"","","","","","","","","","","","","","","","","","","","","","","","","","","","","","","","","","","","","81,442,051.3000","","","","88,165,615.5800","","","","143,421,269.2500","11,882,614.2000","61,384,139.3400","131,219,689.1100","172,339,029.7500","32,713,546.7300","106,042,575.1600","165,631,834.1000","210,421,253.0700","38,968,298.5200","131,886,134.1200","237,659,635.6800","324,351,820.5900","39,432,185.9400","159,174,035.5000","267,939,949.2800","412,277,324.7000","6,540,063.7800","90,146,119.9800","146,731,218.7000","193,158,612.5800","25,152,433.4100","115,356,222.8900","169,725,923.2000","254,250,789.5700","12,494,757.2100","52,216,694.3400","145,919,748.9600","357,731,748.6000"
"1156","002694.SZ","建筑材料","","","","","","",NA,"","","","","","","","","","","",NA,"","","","","","","",NA,"","","","","","","","","","","","","","","","","","","","","","","","","","","","","","","","","","","","","","","","","117,640,577.3500","","","","193,498,978.5400","","121,343,457.3200","191,321,824.1800","277,720,795.0300","54,727,942.0000","163,218,911.7500","253,747,102.8600","344,648,900.0800","59,580,611.3800","171,210,943.0300","269,140,255.6600","372,661,731.7000","72,784,995.6700","188,595,680.0400","284,794,167.6800","349,660,706.7700","69,230,788.7800","180,604,667.8200","280,739,191.6000","360,343,199.9100","49,638,807.8700","140,781,443.3600","221,293,374.4700","358,351,811.2400","51,519,183.8600","173,823,218.1800","298,367,082.3900","512,965,540.8700"
"1178","002718.SZ","建筑材料","","","","","","",NA,"","","","","","","","","","","",NA,"","","","","","","",NA,"","","","","","","","","","","","","","","","","","","","","","","","","","","","","","","","","","","","","","","","","62,260,994.4400","","","","103,634,019.8400","","","","119,378,341.0800","","","141,825,800.0000","118,161,902.4000","14,282,356.6500","62,539,938.0600","195,802,900.0000","159,170,201.9900","19,526,780.1000","80,737,042.1900","128,183,516.5100","193,021,480.3200","26,793,458.4100","81,803,003.4400","133,559,886.2500","207,104,017.0100","29,117,631.7500","105,822,167.6200","157,150,669.3900","246,137,019.6300","40,044,079.8700","136,818,786.9400","201,405,323.8700","297,430,725.8500"
"1201","002742.SZ","建筑材料","","","","","","",NA,"","","","","","","","","","","",NA,"","","","","","","",NA,"","","","","","","","","","","","","","","","","","","","","","","","","","","","","","","","","","","","","","","","","","","","","","","","","167,893,855.0600","","","","208,113,971.8600","","","","217,783,294.2100","36,701,086.6600","109,855,397.9200","165,610,109.4800","239,898,597.9400","62,568,368.7000","142,982,293.1400","216,038,282.3100","299,790,878.3200","68,744,418.7900","169,977,157.8100","242,192,925.3900","361,788,964.0300","82,756,020.4700","189,225,375.9100","287,066,191.7200","436,947,374.3700"
"1240","002785.SZ","建筑材料","","","","","","",NA,"","","","","","","","","","","",NA,"","","","","","","",NA,"","","","","","","","","","","","","","","","","","","","","","","","","","","","","","","","","","","","","","","","","","","","","","","","","197,406,260.8900","","","","189,306,606.7000","","","","181,664,213.4800","32,826,295.7400","","115,066,848.3100","162,408,703.1300","34,477,291.7000","69,925,176.6100","115,446,169.3200","152,830,340.9100","34,765,342.8000","84,447,302.1400","132,909,659.0600","194,057,221.9500","39,022,729.5100","86,342,882.8300","131,686,769.6200","165,159,684.1600"
"1246","002791.SZ","建筑材料","","","","","","",NA,"","","","","","","","","","","",NA,"","","","","","","",NA,"","","","","","","","","","","","","","","","","","","","","","","","","","","","","","","","","","","","","","","","","","","","","","","","","399,415,861.7600","","","","532,290,742.9300","","","","683,398,623.2600","","","","792,126,116.0600","132,438,409.3200","393,334,876.8700","647,705,017.0700","903,751,736.0000","176,012,626.4700","471,757,542.2400","782,061,896.1400","1,066,414,494.8400","194,451,722.0600","532,774,385.3200","885,584,890.0100","1,197,957,759.2100"
"1249","002795.SZ","建筑材料","","","","","","",NA,"","","","","","","","","","","",NA,"","","","","","","",NA,"","","","","","","","","","","","","","","","","","","","","","","","","","","","","","","","","","","","","","","","","","","","","","","","","74,700,885.2600","","","","109,823,707.9000","","","","133,187,150.1800","","","","152,161,162.3500","32,820,728.9400","70,939,318.9400","98,820,761.9000","138,143,320.6700","31,566,874.1800","70,013,184.9400","103,924,802.2700","132,871,168.1900","29,114,009.4700","70,905,940.6600","108,753,356.7600","146,234,974.2400"
"1363","002918.SZ","建筑材料","","","","","","",NA,"","","","","","","","","","","",NA,"","","","","","","",NA,"","","","","","","","","","","","","","","","","","","","","","","","","","","","","","","","","","","","","","","","","","","","","","","","","","","","","","","","","364,056,979.2600","","","","426,252,470.5600","","","","523,985,874.0400","","","519,879,842.8400","785,812,669.0600","165,821,281.7900","430,460,332.4500","719,711,520.5400","1,011,439,213.6400"
"1473","300093.SZ","建筑材料","","","","","","",NA,"","","","","","","","","","","",NA,"","","","","","","",NA,"","","","","","","","","","","","","","","","","","","","","","","","","","","","","","","","","61,351,656.9000","","","","75,276,867.8500","16,410,672.7900","42,318,941.2100","63,964,014.3200","87,057,598.9700","21,811,260.4600","51,077,297.6200","69,797,188.2000","106,770,497.1600","25,027,813.1300","59,344,059.8800","85,833,937.8400","120,985,868.6600","25,642,511.4500","71,045,182.3600","92,569,850.7400","120,374,716.3000","32,797,982.1700","62,281,849.6000","102,355,231.1200","137,619,719.3300","31,421,679.5100","65,385,889.9000","107,626,618.0800","142,750,691.3100","32,161,178.6500","65,624,679.5400","87,396,454.0100","124,813,855.1100","24,967,071.7600","54,684,724.7900","82,418,188.9000","107,602,301.6500","18,002,388.2300","69,100,480.1300","114,258,625.7100","181,235,706.8400"
"1497","300117.SZ","建筑材料","","","","","","",NA,"","","","","","","","","","","",NA,"","","","","","","",NA,"","","","","","","","","","","","","","","","","","","","","","","","","","","","","63,952,560.9400","","","","103,656,693.4400","","","","118,206,682.9000","","","98,629,443.0300","140,933,325.4300","23,975,753.7200","74,701,537.6100","118,886,731.8500","156,465,317.7000","25,688,006.7100","70,340,317.7500","122,329,887.5900","180,977,057.9600","25,523,993.0000","72,625,067.5700","130,801,359.7600","192,381,843.9100","31,922,525.9400","96,484,809.1000","158,047,972.7000","233,857,388.3600","42,217,177.7900","122,373,985.8100","198,093,107.1500","273,449,331.3100","57,628,917.6000","144,072,181.8800","212,211,855.9400","320,292,148.1400","49,441,129.9400","131,769,434.4000","187,653,694.0100","296,036,371.8000","64,057,475.2400","197,464,998.6000","327,300,059.2400","465,701,914.8600"
"1577","300198.SZ","建筑材料","","","","","","",NA,"","","","","","","","","","","",NA,"","","","","","","",NA,"","","","","","","","","","","","","","","","","","","","","","","","","","","","","","","","","16,392,346.0200","","","","45,947,311.9200","","","","79,900,190.8400","13,454,773.8400","27,875,461.3900","67,858,923.9700","101,982,836.1300","21,922,239.8800","67,589,875.6600","105,583,726.6100","142,566,387.4900","26,490,687.4100","82,909,727.7900","134,490,930.5600","194,442,268.9600","37,722,225.3100","107,476,562.1700","165,200,930.5400","221,366,747.4900","33,527,092.0100","83,392,981.9600","115,305,399.0700","156,492,093.2400","24,275,149.3400","94,739,413.7000","151,270,426.9800","271,518,784.2700","73,570,841.1900","127,396,815.3000","202,341,425.4200","329,335,998.0800","33,252,368.2700","110,653,068.9200","173,458,564.8000","337,570,593.0200"
"1613","300234.SZ","建筑材料","","","","","","",NA,"","","","","","","","","","","",NA,"","","","","","","",NA,"","","","","","","","","","","","","","","","","","","","","","","","","","","","","","","","","","","","","33,891,988.4600","","","","40,445,715.3100","14,701,792.2400","33,318,950.1300","49,651,742.0800","67,543,963.5300","20,504,346.7800","52,501,475.5800","74,819,190.6200","84,791,545.7000","16,233,045.3200","27,296,335.9700","44,537,233.7600","59,557,712.1600","15,395,351.1500","47,304,783.5100","81,892,737.1100","132,043,537.9200","46,991,606.3300","109,657,028.7000","171,445,658.7000","225,249,734.5100","48,188,006.0300","97,460,258.3900","138,646,836.2700","165,079,005.5800","30,813,663.4500","45,800,852.0400","76,803,275.4000","112,051,344.0000","20,644,189.9500","45,826,585.1600","74,164,762.7700","100,113,856.1600"
"1723","300344.SZ","建筑材料","","","","","","",NA,"","","","","","","","","","","",NA,"","","","","","","",NA,"","","","","","","","","","","","","","","","","","","","","","","","","","","","","","","","","","","","","32,992,306.2800","","","","74,113,925.5000","","","","111,660,721.7800","","","85,999,074.8300","121,491,036.2300","4,959,894.7200","143,077,823.3900","103,406,364.7400","124,315,479.8700","955,244.9200","44,293,646.1400","70,701,758.1100","94,309,933.3400","3,454,239.3500","38,430,306.0700","44,704,733.4700","46,986,361.2600","391,769.4900","12,088,940.0600","17,690,339.5800","13,635,148.5800","2,455,309.7400","5,386,589.4400","77,011,160.2700","125,749,543.7300","19,873,286.0300","60,404,844.5000","117,559,077.3100","161,198,914.6900"
"1751","300374.SZ","建筑材料","","","","","","",NA,"","","","","","","","","","","",NA,"","","","","","","",NA,"","","","","","","","","","","","","","","","","","","","","","","","","","","","","","","","","","","","","","","","","","","","","","","","","105,059,281.8500","","","","117,375,267.0600","","","","115,951,338.7900","227,000.1800","7,647,138.4300","57,897,901.4100","135,675,879.4200","6,510,252.5400","63,194,796.0200","80,542,694.7100","128,780,590.5100","8,160,518.7600","34,659,722.6200","58,104,367.5400","105,911,991.8000","25,319,133.0300","83,925,689.2200","127,285,371.3700","204,030,320.9000"
"1971","300599.SZ","建筑材料","","","","","","",NA,"","","","","","","","","","","",NA,"","","","","","","",NA,"","","","","","","","","","","","","","","","","","","","","","","","","","","","","","","","","","","","","","","","","","","","","","","","","","","","","245,615,941.1600","","","","253,988,799.9000","","","","265,783,137.0200","","","175,935,336.8200","261,293,797.6800","50,911,241.5600","116,647,168.1700","184,423,237.1700","258,538,391.2200","54,356,616.0800","116,930,645.8800","211,693,503.7100","314,538,167.2000"
"2081","300715.SZ","建筑材料","","","","","","",NA,"","","","","","","","","","","",NA,"","","","","","","",NA,"","","","","","","","","","","","","","","","","","","","","","","","","","","","","","","","","","","","","","","","","","","","","","","","","","","","","3,214,704.8000","","","","34,296,198.7500","","24,443,104.1100","","54,706,123.6500","","31,685,884.4300","","79,803,981.7800","","49,031,381.6200","76,940,972.0600","117,969,331.7800","25,574,664.9900","62,010,032.8500","99,634,209.1400","144,502,246.5900"
"2101","300737.SZ","建筑材料","","","","","","",NA,"","","","","","","","","","","",NA,"","","","","","","",NA,"","","","","","","","","","","","","","","","","","","","","","","","","","","","","","","","","","","","","","","","","","","","","","","","","","","","","","","","","268,863,440.3600","","","","365,519,723.0000","71,177,072.8600","205,181,229.0000","","522,770,554.3900","","369,192,935.5900","561,477,450.9400","717,296,575.5500","111,269,989.9200","324,871,323.6700","530,764,421.4400","756,705,712.0700"
"2232","600145.SH","建筑材料","","","","","","",NA,"","","","","","","","","36,859,113.1500","","",NA,"53,574,146.4500","","","","54,035,024.7800","","24,213,571.6100",NA,"59,752,159.1800","","20,505,163.1300","","82,633,257.1700","","79,046,306.4700","","145,231,845.4200","26,990,633.1100","60,032,004.6200","85,531,003.4600","111,043,264.8300","21,963,116.7400","55,103,207.3800","79,318,218.9000","114,762,820.2100","18,402,742.6800","63,873,680.9900","101,029,630.7300","141,110,007.2200","18,536,046.6200","45,004,524.8700","71,097,698.1700","112,751,574.2600","16,820,473.8000","43,725,229.2800","68,165,245.5100","98,444,780.6200","8,176,718.0400","32,382,490.4000","52,278,730.6600","72,947,154.9100","16,092,990.8400","37,972,583.0200","44,101,030.3000","31,799,524.4900","2,041,078.5700","6,229,865.9000","14,576,227.0700","14,791,239.8500","1,995,400.0200","13,917,625.5000","18,871,114.9600","25,068,005.5100","5,468,878.0700","8,939,332.4600","12,806,250.0600","10,288,049.5500","1,353,410.2400","6,949,924.7900","8,381,192.3200","8,065,514.7400","1,224,566.0300","2,621,744.0300","3,973,103.4900","-1,101,321.8600","1,001,706.4300","1,385,583.4800","1,046,081.4300","-771,019.3600","-688,219.9600","434,905.7100","650,624.1800","-785,728.3900","","","","-315,966.7000","","-24,222.6900","459,165.7900","223,523.2100"
"2386","600321.SH","建筑材料","","","","","","",NA,"","","","","","","","","","","",NA,"","","","","80,922,659.3600","","",NA,"91,897,848.3000","","50,386,798.4300","","99,145,400.7600","","46,050,576.4200","","83,634,779.7500","14,357,871.1800","33,021,046.1200","46,944,286.6200","60,519,653.0300","16,096,149.2600","26,546,397.3700","39,272,500.6600","44,780,108.7900","9,325,172.3600","27,148,157.4800","36,859,443.9000","37,855,813.5400","10,391,961.9600","24,009,838.3400","29,605,037.7000","27,708,047.7400","3,894,270.6900","19,556,607.8000","26,666,637.8900","51,446,004.2400","13,651,063.7600","41,188,005.6900","60,707,139.0700","66,249,198.1000","21,694,647.8500","42,774,933.8300","51,020,649.6600","69,441,861.7900","21,768,815.5200","31,770,176.7500","52,550,400.0800","73,892,043.2800","19,429,170.6200","41,039,105.5200","59,664,502.4500","77,410,781.8100","18,733,218.6000","19,490,082.4900","32,245,788.9400","32,063,795.8600","14,595,465.0600","27,278,973.7000","41,475,611.7400","42,113,212.4800","16,870,187.9400","50,439,040.1000","56,952,909.1700","-9,976,205.1700","10,166,427.9900","24,430,977.8900","61,509,029.9700","81,958,071.6500","4,250,823.1100","39,244,879.2300","67,339,310.0800","41,855,160.0000","3,380,328.3500","-19,744,167.6800","1,250,839.9900","-18,272,851.2900","-351,019.0900","28,682,555.1400","59,713,499.7700","55,190,408.4100"
"2469","600425.SH","建筑材料","","","","","","",NA,"","","","","","","","","","","",NA,"","","","","","","",NA,"","","","","67,256,362.7500","","","","83,195,154.9900","","36,836,146.4000","61,289,291.1600","79,754,227.6300","11,575,690.0400","31,894,682.2200","59,183,945.9900","75,056,607.3600","12,991,951.4400","40,112,363.4500","69,261,425.6300","86,002,901.5400","16,328,308.6200","34,821,022.6900","53,711,078.4900","68,554,738.1700","17,729,974.8200","61,206,340.8800","106,751,456.7200","142,310,242.0600","18,524,916.2700","66,987,778.2900","124,686,437.8000","158,712,776.8200","29,194,193.3000","103,104,112.2200","198,333,829.7000","228,556,901.4700","37,022,377.1200","178,607,799.1900","305,384,320.9000","345,023,829.1100","47,339,857.8800","213,082,177.9300","394,739,264.7000","488,639,919.9600","39,985,918.4200","289,812,926.1000","584,659,519.3000","686,527,450.9000","33,217,908.6100","250,492,405.2600","341,278,369.2000","363,598,517.1200","-4,608,532.6700","160,376,501.6300","262,072,020.9100","299,160,836.3500","-22,058,933.9800","14,800,928.3700","46,601,578.4700","94,349,085.4200","-32,340,666.3600","-31,682,582.4300","-15,507,912.3500","-158,221,299.2700","-35,441,224.3200","56,811,291.7500","142,384,741.4200","205,932,749.2400","-54,187,950.9700","49,217,099.6600","236,566,387.5100","339,685,012.8000"
"2481","600449.SH","建筑材料","","","","","","",NA,"","","","","","","","","","","",NA,"","","","","","","",NA,"","","","","55,036,491.9000","","","","70,607,968.8500","","","54,493,473.8300","80,952,031.2500","8,718,525.8300","43,615,070.6700","84,355,143.6500","106,531,475.2100","8,262,132.5600","47,129,793.2400","105,703,547.5100","137,957,371.7000","5,196,061.4400","62,607,833.2000","117,302,124.2100","149,735,678.7400","-1,597,678.1000","29,241,100.6400","84,823,361.5900","125,916,640.8900","4,824,458.2200","100,746,504.8800","195,373,439.3500","273,837,937.0400","18,988,867.3200","192,914,438.3600","379,177,580.3800","525,835,866.6900","58,900,217.6300","317,150,954.4000","541,306,698.8900","757,816,140.3600","43,113,059.0700","382,632,731.8600","709,440,221.7100","981,335,139.7200","60,978,226.0000","373,608,719.0200","628,436,639.9200","781,653,873.2600","17,766,270.3800","194,309,212.3700","432,730,053.2600","614,180,979.2500","60,003,215.9400","457,132,850.2500","849,922,758.1000","1,156,448,180.0800","85,913,211.8700","540,453,951.6100","904,046,536.6800","1,074,579,924.7100","32,624,428.4600","255,706,495.6800","548,371,245.2800","750,885,271.5900","33,381,989.0100","332,184,642.7700","721,475,554.0800","1,016,112,523.0300","64,796,204.5000","528,070,616.8600","973,645,277.1800","1,288,691,318.5800"
"2592","600585.SH","建筑材料","","","","","","",NA,"","","","","","","","","","","",NA,"","","","","","","",NA,"373,354,642.0000","","","","458,062,477.0000","","331,344,311.0000","","737,075,015.0000","199,383,582.0000","425,847,012.0000","663,337,363.0000","1,019,260,482.0000","314,255,948.0000","773,434,767.0000","1,305,812,434.0000","2,348,281,542.0000","973,556,117.0000","1,803,311,745.0000","2,276,293,693.0000","2,752,052,749.0000","313,807,835.0000","862,787,410.0000","1,484,228,608.0000","2,446,125,999.0000","778,463,226.0000","1,808,403,351.0000","2,874,768,092.0000","4,406,919,731.0000","866,416,031.0000","2,391,068,759.0000","3,775,441,616.0000","5,716,313,203.0000","1,138,443,086.0000","2,807,013,555.0000","4,351,285,338.0000","5,888,176,192.0000","1,112,215,701.0000","2,796,900,122.0000","4,604,942,739.0000","6,998,652,247.0000","1,438,198,211.0000","3,440,569,162.0000","5,883,365,770.0000","10,908,882,115.0000","3,659,949,833.0000","9,359,628,752.0000","14,342,994,270.0000","19,129,638,428.0000","2,325,054,128.0000","5,430,340,549.0000","8,062,907,430.0000","12,463,779,453.0000","2,431,801,339.0000","6,544,266,421.0000","10,924,653,314.0000","17,946,806,769.0000","4,439,897,193.0000","10,164,217,727.0000","14,529,154,208.0000","20,154,176,180.0000","3,240,900,230.0000","6,565,716,029.0000","9,737,886,879.0000","13,662,919,601.0000","2,596,367,990.0000","7,158,913,157.0000","11,824,897,627.0000","17,489,491,950.0000","3,724,132,250.0000","9,866,923,041.0000","15,566,374,348.0000","25,476,101,727.0000"
"2593","600586.SH","建筑材料","","","","","","",NA,"","","","","","","","","","","",NA,"","","","","","","",NA,"38,566,987.4700","","","","62,356,340.4600","","","","117,261,680.3500","","45,293,879.1200","60,682,868.9700","76,460,259.7000","10,919,237.1400","25,825,767.3300","54,406,115.0200","88,510,040.0800","28,751,114.2700","61,184,239.2600","99,600,352.0500","142,536,067.3700","33,840,442.0800","69,745,845.6600","98,467,540.2900","111,251,012.6500","34,792,944.7000","62,297,121.0100","107,633,592.9600","159,706,646.7600","67,452,537.4900","170,049,579.9000","281,361,781.0700","388,730,009.7500","84,129,152.8300","182,295,039.9600","295,881,197.4900","337,817,270.5900","70,997,826.3200","173,414,918.5700","306,033,975.1800","439,912,905.9600","131,625,385.3500","298,349,061.8300","476,405,329.3400","700,108,306.5300","175,241,625.2500","332,956,185.7700","491,230,466.6300","596,646,190.4900","63,997,225.5300","23,468,075.3100","45,654,846.6900","46,368,286.1500","113,829,270.6500","250,461,814.1800","406,692,578.1800","574,240,841.8900","175,724,578.3400","337,093,232.1200","483,813,032.6200","458,727,372.3300","115,223,542.6600","223,502,328.1600","338,740,901.9200","539,478,621.9700","179,277,165.4700","355,373,498.2700","531,522,719.5000","814,074,878.6800","204,981,227.9300","397,568,656.3100","623,467,224.4300","1,063,809,861.4100"
"2666","600668.SH","建筑材料","5,152,694.7000","15,130,183.4400","","36,830,574.5000","","24,964,200.0800",NA,"31,396,850.0000","","17,918,500.0000","","33,139,177.1600","","5,752,487.5700","","23,640,372.0100","","6,728,786.5200",NA,"38,439,795.8700","","52,994,360.3700","","146,635,271.2900","","65,947,426.2000",NA,"146,161,617.8100","","88,827,240.5300","","188,723,585.5700","","85,303,649.5700","","202,413,615.1000","37,002,491.6900","85,650,336.6400","128,141,767.1300","187,026,627.5400","37,343,154.0300","92,696,419.6400","138,577,697.5300","209,113,822.6300","50,695,245.3000","108,483,232.1700","151,454,437.4100","204,484,862.5900","25,208,392.4900","70,619,498.1900","102,394,496.6600","145,238,553.6900","22,380,911.1800","59,721,000.2700","99,485,336.3500","157,673,779.6100","34,199,565.9600","80,685,515.0700","133,831,145.5100","183,395,595.6500","28,707,510.4600","64,229,495.1600","105,273,776.8700","157,156,783.8500","27,425,778.2600","82,938,337.3000","129,737,001.9800","194,004,436.2100","34,461,321.4400","88,049,600.9200","140,749,862.1800","254,145,765.9500","72,855,762.2000","187,437,899.3400","294,274,827.2700","400,513,870.6400","65,720,383.5600","148,308,122.0500","211,334,905.6300","316,244,158.0200","73,684,942.6500","183,605,688.2200","278,144,531.2100","435,847,763.8700","101,687,645.5500","263,494,050.7900","375,989,771.8700","514,055,495.4700","82,972,463.9500","204,534,886.8400","303,668,346.4700","459,663,240.5500","89,654,105.3700","235,167,621.2300","361,059,121.3300","562,450,690.2000","160,995,290.0000","396,152,241.7900","595,752,959.8500","938,688,515.3200"
"2673","600678.SH","建筑材料","","","","161,608,283.1800","","84,948,756.6300",NA,"120,405,000.0000","","17,961,665.0700","","24,803,681.7600","","25,409,097.1300","","39,551,586.3500","","14,022,975.8500",NA,"20,010,058.7300","","38,888,743.4700","","74,448,659.4900","","52,207,470.2000",NA,"93,927,999.5400","","38,980,488.3800","","87,232,938.2400","","43,397,703.7700","","142,251,070.5000","32,579,628.4300","80,526,680.4300","84,306,035.7800","156,215,951.1800","17,798,124.4400","43,660,076.6400","67,715,733.8600","111,178,289.4000","17,852,849.3000","46,444,984.5900","66,501,027.6100","86,821,585.3200","17,649,777.1300","39,866,292.5800","61,958,866.6800","80,010,040.6600","17,357,477.7400","44,831,715.7600","68,519,147.7300","108,121,735.0500","21,162,247.3800","57,442,208.6100","90,149,700.0300","140,102,308.5400","36,202,140.9000","88,328,778.5200","133,303,308.0700","208,249,957.3200","41,126,591.6000","74,502,545.1700","86,931,032.5000","83,166,945.7600","21,123,129.0000","22,897,370.3700","12,113,240.0800","26,386,231.7500","6,408,449.4700","13,293,194.1000","11,204,040.8100","-6,590,159.3000","-121,176.7300","-460,379.7200","-222,603.6300","-668,227.7200","-717,144.0600","791,873.4500","2,345,473.5700","4,120,759.8600","1,271,134.6400","6,240,633.4100","8,561,624.4800","8,542,581.6400","-1,958,442.4300","-705,713.9600","-4,256,768.9200","-3,558,101.9400","-481,286.7300","1,822,172.0000","3,005,420.5200","8,137,165.9600","1,058,028.3100","10,715,019.6000","20,109,988.2500","41,670,675.1000"
"2713","600720.SH","建筑材料","","","","22,062,770.8200","","",NA,"17,128,062.9200","","","","12,288,002.5400","","10,992,912.4900","","20,441,299.8100","","8,949,187.5600",NA,"20,045,280.2800","","20,111,098.9500","","65,069,288.5200","","25,702,275.9300",NA,"65,376,552.1400","","38,388,886.5200","","98,676,904.0200","","44,289,424.5700","","87,800,638.6700","12,935,099.8000","53,679,043.8600","102,071,444.8000","128,292,640.2100","13,265,244.9100","56,901,176.5600","107,624,734.8700","146,495,536.8800","27,769,776.2200","101,068,595.7600","164,439,280.1800","202,677,810.0000","25,902,329.5300","91,139,903.3700","139,874,417.2200","184,814,629.6200","33,816,713.2400","112,930,287.5000","175,866,583.9100","237,711,418.1100","32,174,876.5300","127,409,021.2200","209,944,072.3900","316,647,585.2800","68,957,266.8100","263,552,074.9900","512,415,395.6200","682,216,964.2200","164,310,346.5400","480,329,529.4200","790,602,771.5300","1,014,959,972.1500","175,594,675.8100","505,025,004.9800","820,168,345.3900","1,035,072,504.8600","178,050,218.4600","586,974,609.4700","919,745,349.8500","1,075,614,282.5100","27,298,566.7800","310,519,579.1600","635,777,915.3400","872,481,011.7700","93,046,734.0100","577,086,341.4600","1,216,335,649.8700","1,675,158,073.2300","124,189,965.9800","795,739,521.2900","1,485,985,261.1900","1,769,125,480.0000","18,726,296.8500","368,635,573.9200","773,565,995.8900","1,021,167,363.6500","-40,761,842.3600","428,597,560.0000","989,415,621.6900","1,388,909,001.8800","42,321,121.3900","747,887,136.2300","1,414,821,523.1000","1,779,867,317.7400"
"2788","600801.SH","建筑材料","","","","6,828,000.2300","","28,598,963.3700",NA,"64,439,000.0000","","24,846,800.0000","","50,655,445.5400","","13,244,366.0100","","7,451,793.6100","","-7,528,469.3400",NA,"1,127,380.9800","","40,716,645.6300","","12,220,000.0000","","57,813,530.2100",NA,"132,001,834.0000","","89,787,119.4900","","178,947,751.9600","","89,593,587.7700","","217,100,468.9500","39,919,950.0000","108,662,243.1100","174,700,953.4100","243,680,736.7100","50,519,184.9900","115,950,657.7600","211,784,259.8400","383,956,294.3500","180,048,906.8300","355,334,082.6800","462,251,259.9700","570,308,140.2800","67,391,025.5600","183,714,622.8500","313,618,920.7000","503,360,796.6900","133,800,566.2100","334,716,574.0200","525,543,696.0300","778,510,348.0000","160,947,128.5500","446,759,755.2000","720,513,224.4400","1,068,100,316.0000","196,381,187.0000","550,488,768.0000","911,963,929.0000","1,239,466,819.0000","227,699,265.0000","654,059,545.0000","1,039,951,779.0000","1,531,446,314.0000","176,787,693.0000","462,957,974.0000","793,866,832.0000","1,788,058,193.0000","497,686,059.0000","1,538,218,320.0000","2,470,048,240.0000","3,309,011,246.0000","431,101,101.0000","1,066,955,258.0000","1,819,295,992.0000","2,880,558,084.0000","516,535,345.0000","1,538,369,518.0000","2,544,576,522.0000","4,243,391,850.0000","734,636,796.0000","1,993,085,918.0000","3,115,971,191.0000","4,482,585,854.0000","603,249,296.0000","1,395,117,130.0000","2,148,050,086.0000","2,939,516,408.0000","386,604,698.0000","1,217,470,927.0000","2,122,162,823.0000","3,347,198,848.0000","801,408,864.0000","2,319,054,324.0000","3,575,774,787.0000","5,840,988,141.0000"
"2789","600802.SH","建筑材料","","","","103,387,817.3100","","74,018,576.1300",NA,"99,383,500.0000","","29,397,348.3900","","41,656,241.4700","","12,225,486.6400","","36,896,740.3200","","2,883,098.5800",NA,"17,403,341.0800","","47,971,996.1500","","107,359,469.1300","","60,367,807.0300",NA,"182,119,604.2000","","79,306,022.0000","","176,699,818.7100","","91,077,381.8500","","198,743,550.1900","38,994,600.1200","93,815,206.6800","144,988,188.4300","213,699,897.8900","62,349,359.6100","135,658,089.7000","212,938,257.3100","322,342,590.3900","102,457,710.1100","201,972,082.1200","279,382,211.7600","363,437,942.5400","51,908,371.3700","103,363,388.6900","165,662,454.8500","253,092,126.7500","57,561,796.5300","119,979,021.6800","197,258,460.9000","315,173,970.8700","78,634,695.4900","153,014,384.4100","232,984,914.8600","355,699,887.8300","64,614,118.0700","125,329,582.0500","177,326,233.2800","242,339,132.9400","23,444,847.9100","61,095,157.0100","95,769,339.3800","137,670,047.1000","28,093,851.8000","60,425,041.3800","119,646,037.5900","258,266,219.0800","101,482,045.5500","231,113,033.2500","333,729,860.4500","404,013,238.1400","16,915,082.1400","48,971,817.2700","53,252,292.5700","126,275,747.8700","15,945,588.6000","47,063,853.4600","67,321,001.1500","209,497,938.8300","68,074,996.5700","171,500,807.8000","226,370,740.7700","328,339,629.4400","-7,096,545.5700","-2,421,714.9200","-2,933,375.0700","19,072,883.5900","-5,436,060.1200","881,649.3700","2,905,480.6800","76,847,675.7400","18,132,488.7400","64,947,773.5700","98,186,469.4800","241,445,057.1000"
"2804","600819.SH","建筑材料","","","","220,380,764.1300","","152,103,755.3600",NA,"270,826,000.0000","","157,299,127.9800","","264,799,938.8600","","58,717,153.4400","","122,311,082.7100","","45,119,146.1800",NA,"67,611,513.4400","","65,541,596.2000","","161,624,551.2900","","90,217,302.2900",NA,"245,796,530.8700","","156,332,184.1900","","368,329,356.6800","","223,851,984.1000","295,832,034.9700","402,545,750.5500","78,992,691.8900","167,213,356.0100","254,247,829.7500","384,598,581.3400","82,310,716.7600","159,301,850.3700","242,615,451.8800","353,621,953.3400","114,465,176.7300","253,410,576.7200","397,732,293.6600","518,886,941.7000","117,406,239.7400","220,176,721.7400","326,470,737.4200","386,058,638.9300","45,022,283.1100","122,115,949.4200","191,834,828.2200","270,470,785.8100","76,935,476.1500","180,618,187.2300","291,896,587.9000","412,728,049.6200","106,484,815.3300","230,007,551.0800","328,664,125.4500","412,154,166.6500","2,993,748.6700","102,854,677.9600","203,819,426.4100","307,899,737.9300","120,039,115.6200","258,313,768.3000","419,988,608.0200","585,016,069.6800","140,120,978.6600","297,309,674.3700","419,541,577.4800","510,885,430.8400","68,083,640.0000","149,642,406.3500","265,457,657.4600","407,727,545.0400","114,859,987.1000","257,735,563.3500","425,025,368.3500","609,879,682.5300","119,231,627.9100","254,710,995.4800","451,483,566.0000","585,035,524.3600","97,297,405.3900","211,181,653.5700","354,334,564.1900","463,012,956.7300","132,117,751.5700","279,834,165.7500","443,034,506.7000","568,968,670.8400","130,909,443.0400","253,245,188.4200","394,622,315.3400","532,704,624.4500"
"2856","600876.SH","建筑材料","","","","","","",NA,"553,171,277.1700","","214,715,000.0000","","410,017,093.2600","","32,637,547.1100","","41,589,375.1600","","-71,074,568.8600",NA,"-263,040,000.0000","","-19,344,000.0000","","-17,792,000.0000","","52,877,000.0000",NA,"151,842,000.0000","","125,846,000.0000","","284,954,000.0000","","62,147,000.0000","","146,406,000.0000","6,730,000.0000","16,138,000.0000","15,417,000.0000","34,472,000.0000","19,819,000.0000","34,830,000.0000","92,949,000.0000","140,146,000.0000","73,995,000.0000","135,683,000.0000","213,336,000.0000","258,929,000.0000","43,708,000.0000","84,540,000.0000","109,035,000.0000","91,597,000.0000","-60,627,000.0000","-74,176,000.0000","-77,594,000.0000","-120,223,000.0000","-2,099,000.0000","39,044,000.0000","92,487,000.0000","152,400,000.0000","17,046,826.8400","7,498,000.0000","-1,529,523.3600","-12,589,481.0700","-21,527,199.0300","-6,342,682.9000","43,431,670.6100","116,000,320.7900","35,647,362.2400","88,237,369.5000","143,709,988.3700","222,964,440.7400","24,570,488.2700","47,160,214.2100","72,735,458.1100","92,431,075.5700","-1,654,966.7100","32,500,288.0700","74,009,842.8700","106,711,665.0300","8,195,044.7600","20,917,798.7800","33,044,852.6300","48,060,606.8700","8,845,671.1100","11,059,946.6600","16,134,537.1400","29,690,105.6800","-3,061,823.5000","-27,307,411.2700","-37,985,502.6200","24,408,941.8800","15,092,113.1900","8,560,051.9400","-10,632,874.6700","43,153,926.4800","26,540,956.5000","39,077,308.5800","63,625,618.5300","103,591,286.9400"
"2860","600881.SH","建筑材料","","","","","","",NA,"35,659,161.9600","","","","1,837,628.5500","","25,062,772.2700","","39,050,856.1800","","27,066,543.3500",NA,"98,680,059.4700","","119,449,380.7300","","302,044,800.7700","","166,042,192.2700",NA,"302,984,263.6500","","151,301,885.2900","","361,214,600.8300","","170,768,172.8500","","413,251,944.6100","90,551,569.1600","224,870,239.6200","342,974,863.3700","465,056,940.6300","81,286,685.0000","201,255,526.4500","333,796,318.7000","408,967,073.4900","100,357,101.9000","266,910,120.8100","467,627,281.5100","580,118,114.7600","112,011,452.1700","238,459,576.2700","400,508,938.6700","422,342,795.9300","134,654,414.4600","272,659,355.7700","443,969,511.2900","566,763,388.1400","165,403,441.9000","438,332,018.7900","738,135,801.9300","928,754,421.2500","201,899,776.9700","529,368,067.1700","862,018,261.4800","1,045,360,163.5400","253,156,700.1600","680,237,027.1800","1,288,743,187.6400","1,639,753,550.6300","343,269,382.9300","910,629,146.9000","1,515,590,981.2700","1,928,193,133.6500","445,324,208.3700","1,332,889,172.7400","2,930,269,553.7500","3,545,863,118.5400","636,960,047.0900","1,525,939,789.8200","2,396,149,875.0800","2,737,880,285.4100","541,653,495.1700","1,701,607,043.8200","2,756,030,325.8800","2,897,924,536.1300","670,392,645.7200","1,742,142,807.0900","2,754,607,082.9600","3,032,370,790.0500","425,802,716.7000","1,046,166,275.4600","1,714,299,181.4300","1,956,972,454.2600","381,362,902.1700","1,070,771,670.5900","1,829,678,014.4900","2,478,730,725.5100","469,762,154.7200","1,320,949,184.1000","2,271,707,173.5200","7,185,410,271.4100"
"2862","600883.SH","建筑材料","","","","","","",NA,"14,590,034.8600","","7,811,926.0000","","8,829,375.0400","","2,394,299.4000","","5,276,076.4000","","5,757,651.7100",NA,"10,752,454.6500","","12,647,032.4500","","28,683,584.3000","","9,858,046.8400",NA,"33,087,965.5200","","15,783,571.3200","","24,960,469.7500","","13,651,311.5100","","24,505,436.1400","4,793,171.1500","8,924,314.1100","12,125,259.3200","21,006,797.5300","5,999,784.0300","9,487,862.4800","11,756,010.4700","18,347,968.5400","5,528,661.8600","10,098,799.4300","16,134,154.4600","22,994,749.4200","6,273,206.9600","15,892,484.0200","21,174,242.7100","34,010,916.3600","9,073,172.3800","19,581,701.4700","33,679,086.6000","47,997,443.0400","6,639,595.7400","11,436,809.3600","11,503,639.4200","10,915,924.0600","-162,116.4300","-1,335,711.4600","-2,621,537.9000","-3,501,344.2500","2,576.0100","1,323,645.3400","3,761,088.0400","8,126,699.5000","1,866,082.8900","2,139,714.3800","3,003,602.7700","5,844,394.3600","2,498,301.6300","4,519,835.5300","6,203,399.0300","7,280,207.3200","1,623,365.7200","3,136,471.5900","5,166,233.8200","8,524,549.5100","179,929.3400","197,368.0400","365,186.6400","698,690.3600","61,503.3400","-246,020.6700","-791,212.0800","-2,919,039.2400","-800,499.4100","-1,509,533.1100","-1,898,430.3800","-6,665,416.6200","-982,123.3100","-1,225,335.6200","-1,624,893.5800","-1,964,349.7000","330,335.4200","879,330.7700","1,068,489.5900","-4,668.8600"
"3038","601636.SH","建筑材料","","","","","","",NA,"","","","","","","","","","","",NA,"","","","","","","",NA,"","","","","","","","","","","","","","","","","","","","","","","","","","","","","","","","","","","","","83,132,029.9200","","","","355,256,792.1100","","292,051,836.1700","453,177,573.8000","628,423,062.9400","101,419,368.7900","198,297,367.7600","291,781,511.7500","435,032,465.4400","75,002,597.9100","149,143,965.0100","232,851,125.5100","415,900,288.0200","187,079,686.2100","427,085,677.2400","709,275,255.8300","1,006,337,818.6700","173,579,215.4400","389,940,001.1400","557,516,752.0100","734,505,570.8900","157,460,904.4600","424,332,060.1500","639,048,509.7100","905,938,038.9400","258,481,530.1900","611,747,045.8000","1,229,467,512.8800","1,946,947,892.7200","506,174,214.8000","1,078,185,162.1000","1,696,786,815.5500","2,287,691,475.6100"
"3139","603038.SH","建筑材料","","","","","","",NA,"","","","","","","","","","","",NA,"","","","","","","",NA,"","","","","","","","","","","","","","","","","","","","","","","","","","","","","","","","","","","","","","","","","","","","","","","","","103,156,741.2000","","","","123,790,267.1700","","","","146,227,430.5900","","","115,922,623.0200","160,974,206.0600","","","117,329,057.9700","164,966,718.7700","28,130,669.5900","83,152,947.5600","140,938,192.1700","183,098,105.2600","29,053,655.6800","85,362,971.4800","136,164,706.7000","189,088,990.1100"
"3370","603616.SH","建筑材料","","","","","","",NA,"","","","","","","","","","","",NA,"","","","","","","",NA,"","","","","","","","","","","","","","","","","","","","","","","","","","","","","","","","","","","","","","","","","","","","","","","","","142,962,659.3000","","","","147,002,464.1100","","","","276,244,421.2900","63,013,474.1500","156,715,457.0500","240,276,099.6800","328,544,287.8600","39,800,385.6500","66,496,989.3800","88,720,660.8400","156,342,504.7800","12,024,752.0800","29,209,087.9600","86,820,717.8000","160,886,881.6500","23,569,277.7300","48,667,794.1400","94,229,323.5600","140,747,671.4200"
"3426","603725.SH","建筑材料","","","","","","",NA,"","","","","","","","","","","",NA,"","","","","","","",NA,"","","","","","","","","","","","","","","","","","","","","","","","","","","","","","","","","19,817,993.5900","","","","23,240,907.4700","","","","46,045,327.5700","","","","60,244,298.7700","","43,841,153.5900","","78,611,184.8000","14,024,460.2400","40,792,481.0300","64,472,625.1400","87,338,148.3500","12,073,471.6900","35,029,032.0100","62,559,037.8700","91,377,692.8100","13,604,680.0800","42,786,332.0000","64,140,117.1500","91,773,651.2400","","71,621,748.7600","","152,821,725.2600","","","128,191,200.3100","201,086,111.9500","35,602,624.2100","84,507,184.4600","127,533,876.3400","196,633,486.4600"
"3477","603856.SH","建筑材料","","","","","","",NA,"","","","","","","","","","","",NA,"","","","","","","",NA,"","","","","","","","","","","","","","","","","","","","","","","","","","","","","","","","","","","","","","","","","","","","","","","","","","","","","311,907,733.7000","","","","395,229,381.8200","","","","292,369,949.8200","","","","303,426,246.9900","","","200,432,462.1800","295,717,136.3900","27,138,273.6200","143,826,211.7800","215,486,609.7500","323,041,876.1700"
"3523","603937.SH","建筑材料","","","","","","",NA,"","","","","","","","","","","",NA,"","","","","","","",NA,"","","","","","","","","","","","","","","","","","","","","","","","","","","","","","","","","","","","","","","","","","","","","","","","","","","","","130,351,291.4200","","","","143,283,331.6100","","58,354,299.9400","100,381,477.8000","133,979,078.2800","","62,824,579.6500","","133,428,268.2400","","82,633,166.1300","127,022,083.1300","178,767,067.3200","39,734,017.1100","84,981,978.6000","140,411,075.4000","198,773,760.0400"
