"","…œ –π´Àæ","…ÍÕÚ“ªº∂––“µ","X19930331","X19930630","X19930930","X19931231","X19940331","X19940630","X19940930","X19941231","X19950331","X19950630","X19950930","X19951231","X19960331","X19960630","X19960930","X19961231","X19970331","X19970630","X19970930","X19971231","X19980331","X19980630","X19980930","X19981231","X19990331","X19990630","X19990930","X19991231","X20000331","X20000630","X20000930","X20001231","X20010331","X20010630","X20010930","X20011231","X20020331","X20020630","X20020930","X20021231","X20030331","X20030630","X20030930","X20031231","X20040331","X20040630","X20040930","X20041231","X20050331","X20050630","X20050930","X20051231","X20060331","X20060630","X20060930","X20061231","X20070331","X20070630","X20070930","X20071231","X20080331","X20080630","X20080930","X20081231","X20090331","X20090630","X20090930","X20091231","X20100331","X20100630","X20100930","X20101231","X20110331","X20110630","X20110930","X20111231","X20120331","X20120630","X20120930","X20121231","X20130331","X20130630","X20130930","X20131231","X20140331","X20140630","X20140930","X20141231","X20150331","X20150630","X20150930","X20151231","X20160331","X20160630","X20160930","X20161231","X20170331","X20170630","X20170930","X20171231"
"257","000708.SZ","∏÷Ã˙",0,0,0,0,0,0,0,7.903784654,0,0,0,-26.6103735,0,0,0,4.036080543,0,0,0,33.60107935,0,-35.03375866,0,-52.81360343,0,-16.86325632,0,-44.04401152,0,-68.30310286,0,-49.07100499,0,-1.698454375,0,-11.26633032,0,-14.30041038,0,-1769.89314,71.4339465,76.41233403,282.5337145,-193.7514515,-23.42042258,92.792013,-9.691173684,163.2375776,-95.71046602,-19.81086572,-13.63746346,197.4970604,3542.091441,492.3203694,433.9897027,295.2583474,66.27793907,-12.87912863,-3.785469117,1.878607482,8.501638587,22.43989329,18.96118114,-37.92825429,-64.08445435,-46.51495474,-30.45158654,65.66585675,374.5264535,161.7363719,103.2194968,68.83971439,10.66749976,8.360106396,8.138230966,4.101944101,-48.60872158,-40.59423862,-53.90967324,-62.69291248,-31.90216526,-41.24033142,-19.09935599,-7.588363964,-18.81840628,18.68823827,34.95873078,32.92425285,32.07269286,5.421276118,-8.894178411,0.871416665,-5.094787027,4.94642162,4.018663616,8.242721101,14.89364861,30,30.16396187,34.92545706
"258","000709.SZ","∏÷Ã˙",0,0,0,0,0,0,0,0,0,0,0,-46.38959533,0,0,0,25.57813492,0,0,0,17.8229763,0,3.472783128,0,1.99319122,0,2.618745579,0,29.45280048,0,29.45269187,0,20.31434311,0,11.79491005,0,51.27499774,0,-8.466845419,0,-20.50672886,31.07874685,9.231337668,26.05995848,51.83308479,67.67269469,51.13733895,43.70847017,49.85870838,18.04632496,27.00410632,-1.509425201,-16.41779646,-70.51543284,4.075994076,34.38660344,27.22040989,396.3052139,91.59144448,68.54746652,72.13045651,51.01543916,48.43601207,35.55574874,-14.9671171,-90.26356412,-95.80164405,-87.15984979,-62.60907164,1025.18982,1439.998319,91.06696687,47.79795352,-0.453231621,16.89672773,-1.567522739,-19.5364906,-38.50310652,-61.5623192,-71.52363655,-90.43757031,-90.71655827,-82.25756471,-65.53927866,-1.281969916,443.0003905,403.0630408,306.6107849,423.0806727,-9.970554867,-15.58876298,-25.46462562,-43.99040652,-56.22754464,23.14329484,118.7099076,255.8799807,856.0089135,248.3424358,171.6236183,48.68594683
"265","000717.SZ","∏÷Ã˙",0,0,0,0,0,0,0,0,0,0,0,-45.47240879,0,0,0,21.12341445,0,0,0,55.79232454,0,-17.82051217,0,3.166762385,0,-12.0517842,0,4.149395254,0,29.22747984,0,27.03057795,0,23.07454637,0,26.53307643,0,11.36720825,0,34.94479083,315.8350146,180.7437798,159.4545415,181.233151,25.06752727,82.86439557,29.43768377,-3.409519501,-24.13308943,-49.08585422,-53.23482774,-85.63504559,-85.484359,-26.00777075,-2.206192262,211.2504261,213.7070075,65.18194822,68.36012799,95.14810621,59.14544117,-3.884827299,-23.86595536,-294.771443,-210.5858158,-149.1279217,-91.85770496,105.7521706,129.8505656,153.5911251,-237.8349418,-77.40469428,-47.26633938,-46.82459027,138.3295358,-5534.319534,-1349.186163,-1363.056091,-7300.166868,-71.46088812,110.4076761,101.4015649,107.2064699,105.199354,-1009.918631,-6805.592392,-898.2619683,-1468.155599,-37.08228988,-19.57578247,-106.5651215,-86.95910987,46.37688224,73.99818057,93.67958156,103.9078131,172.766607,383.9077379,1652.84484,2381.133909
"295","000761.SZ","∏÷Ã˙",0,0,0,0,0,0,0,0,0,0,0,-14.22706067,0,0,0,30.69721385,0,0,0,1.584959472,0,-16.46764979,0,-21.96307361,0,10.83031712,0,11.79527712,0,16.14446005,0,5.153428125,0,-20.82644651,0,-21.45077829,0,0.481792142,0,40.04852277,142.6919543,19.94658206,4.610282437,36.32209041,21.74738137,1.736265999,26.8123673,39.51370496,88.39102465,162.0206793,68.07988,-13.63897772,-47.41268689,-42.19283977,65.54617736,157.18304,207.0377564,200.2726764,37.83506951,-2.088203401,27.88507523,12.23107823,14.9120724,-89.63003939,-89.10366307,-189.6049771,-201.193742,-1035.969648,749.2533773,175.6805206,160.0122865,159.88399,-18.10356542,-13.54185636,-9.365297795,-14.0244778,-71.16241773,-75.6624391,-83.40209568,-91.26949934,16.10335382,14.65891499,113.918081,241.5275148,9.609950385,3.190127269,-19.42750943,12.67814792,-14.29588584,-23.35725996,-28.36290895,-1129.280628,-53.60896875,42.28795359,254.2527207,125.4704614,554.4006591,156.8970884,117.2487381,94.95835986
"302","000778.SZ","∏÷Ã˙",0,0,0,0,0,0,0,0,0,0,0,-13.44258385,0,0,0,-5.726129343,0,0,0,22.0658552,0,5.718780862,0,13.2709147,0,38.48205481,0,27.36156363,0,27.35449576,0,23.22514745,0,26.39424707,0,44.73191178,0,29.72938902,0,10.86085909,3.486616211,21.36562358,39.18077755,29.07860167,46.87397659,25.23206068,12.51902953,18.06298687,22.01936067,1.403233472,-6.493237134,-13.93540328,-33.70317727,-17.46880272,-14.73306562,-7.653961938,17.37003778,25.18111721,25.60463814,30.60880158,21.98524508,32.68007691,32.61351552,-2.98939002,-21.08224122,9.703296329,34.91934996,43.98731486,72.98448199,22.36819044,16.63971147,38.71566864,31.52604521,23.67992019,20.32136835,13.5979173,1.846847874,-9.761315549,-27.48087033,-13.59355207,-14.44029738,-42.33441278,-44.40289866,-28.52777806,-38.55073237,-12.98420735,1.598979667,-48.595332,-94.1938678,-36.63809636,-65.08566652,-16.10939283,-22.19124096,-27.18486309,22.88384501,-3.541571522,1948.330977,139.4399661,222.6886503,136.5470911
"339","000825.SZ","∏÷Ã˙",0,0,0,0,0,0,0,0,0,0,0,0,0,0,0,-16.59735064,0,0,0,-8.602599848,0,0,0,62.59361306,0,0,0,48.34513419,0,16.22294217,0,3.291367108,0,13.06789209,0,1.991092818,0,-7.623745976,0,5.887099387,52.73780609,58.13185275,82.76844851,109.0326461,154.2596156,92.80994197,62.00101451,59.13120097,26.56262112,16.27058291,1.782011711,-24.24502051,-53.94581493,26.94228969,89.91177863,205.0591944,749.5152793,290.5889609,156.6665009,72.49767128,-25.45217432,-22.41711303,-29.41736008,-72.14283575,-176.395928,-131.9356661,-99.18902389,-26.66308633,162.412793,218.3144546,4611.111619,53.26538589,-0.211577962,2.628040054,25.55750895,30.4271878,-67.47789054,-61.99712012,-51.31475399,-44.19191148,37.99494588,-25.10434681,-45.2303621,-50.01412936,-43.46208473,9.115673643,24.09589866,-44.38467209,-98.9328322,-90.11204292,-299.7409187,-1478.260377,-47596.31185,829.4458088,190.6981599,126.703857,149.9131272,172.3600264,172.6172778,325.4963035
"382","000898.SZ","∏÷Ã˙",0,0,0,0,0,0,0,0,0,0,0,-47.23987728,0,0,0,119.0285289,0,0,0,15.68641664,0,-57.86598997,0,-75.76365772,0,-34.00443578,0,135.3148859,0,235.5129357,0,68.14781244,0,-15.12749441,0,-17.97242607,0,-3.216485438,6.566042736,47.26893098,356.6971239,224.947622,134.4938611,140.9364131,6.440147476,12.18507713,31.98289603,23.99574474,114.986668,75.60723291,43.39835825,17.06590585,87.28142221,154.3773523,206.2407273,229.2448292,111.6710875,54.51913799,25.1572327,9.934258583,2.046783626,24.47960033,25.67382366,-60.32125315,-99.67346939,-126.1371237,-96.00145402,-76.98758806,57500,276.5195138,666.6666667,184.2565598,-95.92013889,-94.78071765,-95.17786561,-219.5897436,-4219.148936,-1544.444444,-2833.606557,-87.82161235,127.1694215,133.0769231,122.4887556,117.75635,-45.62737643,-16.13372093,22.93333333,22.38410596,-93.70629371,-73.83015598,-196.9631236,-597.8354978,-3516.666667,96.68874172,208.1655481,135.1086957,275.1219512,516.4983165,240.9513961,247.4922601
"411","000932.SZ","∏÷Ã˙",0,0,0,0,0,0,0,0,0,0,0,0,0,0,0,0,0,0,0,1.909755385,0,0,0,-1.815692318,0,0,0,28.36609717,0,-37.22396322,0,26.48933106,0,81.41445038,0,50.75882291,0,23.1287965,15.66416531,9.874923244,53.45854939,43.61959488,42.4028966,43.0531152,61.75933927,34.6108741,26.82085308,36.45319322,44.30974984,36.93657339,2.904491326,-37.27029825,-76.4164289,-44.627078,-1.784441425,94.82779268,264.2285924,100.3390366,66.03817036,47.07936393,-192.9691018,-3.942624392,-2.66800302,-47.05887495,-22.70154614,-173.3445194,-123.5574325,-90.48298693,25.09957226,26.45430569,-403.3769048,-2740.655025,29.26380426,49.73049757,87.30292403,102.6685364,-263.7560782,-551.5662873,-1308.383139,-4835.811911,49.91446565,72.5687225,90.20939502,104.2580704,52.07182563,110.3293913,129.9392455,-0.617984661,-22.27884089,-648.3712156,-2008.879682,-2842.391202,-405.9245192,-525.3224602,-6.939590963,61.36142967,130.5037641,186.1837865,304.5032069,441.0496429
"427","000959.SZ","∏÷Ã˙",0,0,0,0,0,0,0,0,0,0,0,0,0,0,0,0,0,0,0,8.031902018,0,0,0,38.77833279,0,0,0,-13.08922803,0,13.97457042,0,5.169939919,0,0.309381105,0,20.80689094,0,-12.43535683,0,-3.429464058,-41.07950157,-22.4943349,4.62824873,21.47340627,76.56915753,47.40716066,31.22365778,27.74198647,6.083500594,-2.602302637,-8.580825858,-29.078609,-70.74327978,-41.21190235,-42.14207517,-41.88315839,61.72427554,33.81894139,23.08862377,39.37623409,49.48886894,48.09957626,8.616932026,-41.90155066,-75.42494292,-93.46764029,-38.05581623,-14.18057434,32.91988282,93.46683112,-26.58290666,-23.55763081,-70.15439783,217.8039278,-94.24654562,-183.8747194,-1162.830212,-310.7902001,-3366.782921,-174.2486563,6.590561129,29.62955023,0.144033092,36.05236889,63.06758068,78.79571115,83.15937932,-104.6422743,-3259.798389,-936.7796007,-1310.923738,-5068.606448,-45.04281525,112.3329127,131.9507243,132.127173,186.750722,3853.111385,1077.946785,558.8608195
"539","002075.SZ","∏÷Ã˙",0,0,0,0,0,0,0,0,0,0,0,0,0,0,0,0,0,0,0,0,0,0,0,0,0,0,0,0,0,0,0,0,0,0,0,0,0,0,0,0,0,0,0,0,0,0,0,79.94052283,0,0,0,18.71284919,0,0,66.6696323,32.90066216,130.9353848,6.219677732,1.57543389,-477.9869948,-548.6729609,-411.8184338,-512.1671271,-183.5605674,43.36026776,11.16339385,5.228013526,68.39061854,-17.8066673,75.40179563,49.11893469,236.660139,-16.38271002,-41.1160218,-21.08909406,-26.52788478,-87.3328215,-84.02706495,-111.1443355,-97.31228982,-75.73702139,-76.57006153,146.257645,181.9879553,29.5703032,491.5917937,303.3401519,69.94025052,33.63927839,-170.0038283,-187.1458294,-286.2819911,-44.79569654,344.4552614,377.2154183,435.4450959,3806.495217,218.6168853,198.7558015,226.2923468
"574","002110.SZ","∏÷Ã˙",0,0,0,0,0,0,0,0,0,0,0,0,0,0,0,0,0,0,0,0,0,0,0,0,0,0,0,0,0,0,0,0,0,0,0,0,0,0,0,0,0,0,0,0,0,0,0,-35.90246918,0,0,0,-66.72133717,0,0,133.276196,150.9719995,98.67763301,11.32452058,2.510832672,34.52248439,90.85104573,151.5164671,82.45395211,-93.02318999,-177.9589548,-153.3925922,-99.25865572,21.32468707,128.4719625,125.6636246,1798.188056,160.0948901,34.26647099,108.0936392,212.7380644,130.3535258,-94.1534057,-89.8782476,-207.451548,-185.065799,648.1486463,-302.2327411,94.95457308,125.0181955,-284.1464519,-39.14704531,-41.11502963,-40.71668572,-277.2284602,-522.3765063,-3320.806166,-3006.284177,124.5891254,233.8815142,180.7652724,199.7736768,843.8830384,199.8839485,373.0272223,330.6072206
"781","002318.SZ","∏÷Ã˙",0,0,0,0,0,0,0,0,0,0,0,0,0,0,0,0,0,0,0,0,0,0,0,0,0,0,0,0,0,0,0,0,0,0,0,0,0,0,0,0,0,0,0,0,0,0,0,0,0,0,0,0,0,0,0,0,0,0,0,86.18792076,0,0,0,-1.214838928,0,0,8.415031165,16.18966441,-17.21518339,-27.00138248,-25.83282371,-19.78761691,43.58149764,58.30638563,60.98587552,45.30007064,25.18707138,10.82116479,23.30547313,29.61052812,45.28195384,37.11764332,35.11714843,37.27668947,10.0256703,1.870911342,-5.711381508,-15.20870601,-40.4115228,-32.74807174,-30.2148814,-39.71009936,-21.87046242,-14.15016224,-8.664444527,40.55306603,0.137003774,7.21735525,1.931230529,-18.87299791
"906","002443.SZ","∏÷Ã˙",0,0,0,0,0,0,0,0,0,0,0,0,0,0,0,0,0,0,0,0,0,0,0,0,0,0,0,0,0,0,0,0,0,0,0,0,0,0,0,0,0,0,0,0,0,0,0,0,0,0,0,0,0,0,0,0,0,0,0,0,0,0,0,62.88218329,0,0,0,19.37035882,-0.667310737,-8.456780689,-19.11816369,-27.82162967,-36.74521677,-33.78002186,-12.77713334,-16.05299482,27.20689773,64.61061803,49.3184618,61.03358757,49.40618189,29.27247916,24.65597101,9.647769971,-63.5311696,-43.21172195,-45.92673267,-35.25896707,21.78695767,43.62532876,51.49879895,26.86127718,-13.39387692,-6.077444755,-49.91146447,-31.57316911,-33.18932035,-19.87635556,185.9083336,168.1568767
"941","002478.SZ","∏÷Ã˙",0,0,0,0,0,0,0,0,0,0,0,0,0,0,0,0,0,0,0,0,0,0,0,0,0,0,0,0,0,0,0,0,0,0,0,0,0,0,0,0,0,0,0,0,0,0,0,0,0,0,0,0,0,0,0,0,0,0,0,0,0,0,0,99.2447036,0,0,0,-24.9165492,0,0,-10.13008898,-4.914839603,30.38288477,12.56455213,18.65203872,25.08484006,2.360702467,-11.87725657,-15.12285889,-21.25322396,1.079997119,5.348967535,17.47461026,12.51408653,17.85346383,16.35224789,5.647508648,9.087188873,-16.28208635,-19.69545853,-17.89373885,-20.14416423,-36.53169214,-34.31375694,-42.80437437,-42.61983269,-18.92087875,5.30955812,5.638958794,23.81412741
"1213","002756.SZ","∏÷Ã˙",0,0,0,0,0,0,0,0,0,0,0,0,0,0,0,0,0,0,0,0,0,0,0,0,0,0,0,0,0,0,0,0,0,0,0,0,0,0,0,0,0,0,0,0,0,0,0,0,0,0,0,0,0,0,0,0,0,0,0,101.6920275,0,0,0,82.65882256,0,0,0,-25.08039019,0,0,0,18.1887617,0,0,0,-2.654804741,0,0,0,-2.419910454,0,0,0,2.507703968,0,0,0,13.98327398,-6.280397269,-20.42359074,-13.90079489,-16.10546158,4.125315735,8.358461628,8.752731153,14.44514465,21.24582068,25.8359528,26.62445267,38.56957834
"2120","600010.SH","∏÷Ã˙",0,0,0,0,0,0,0,0,0,0,0,0,0,0,0,0,0,0,0,0,0,0,0,-6.790820154,0,0,0,4.175787276,0,0,0,14.77085592,0,18.73724565,-5.91457572,-11.15739236,0,-21.94513806,-11.72433613,19.00362779,54.5900804,50.69855294,53.11426215,85.16413597,35.66118913,53.64118059,49.26594875,15.26490247,48.19927116,109.2616333,51.38628988,14.61416008,-65.74755554,-57.20069785,-50.90116194,-33.70306285,120.6175463,46.22811815,110.221605,161.7485045,159.8885166,143.5768493,20.56712197,-47.3021184,-122.0343566,-167.6373353,-126.2276506,-277.0876881,145.0724829,150.3054403,253.886817,112.0742258,97.15349273,-2.243644813,26.22689127,64.82197884,-89.35119073,-83.57846817,-87.40082187,-48.00052285,-53.15806241,-62.44877648,-47.4056744,-37.16601477,-116.9877725,-76.04958207,-74.00811806,-19.046911,136.8755274,-1882.753806,-270.217894,-383.3047302,-442.2988166,106.75194,115.892698,102.5779866,135.1228809,5116.394937,558.3082689,2309.034938
"2127","600019.SH","∏÷Ã˙",0,0,0,0,0,0,0,0,0,0,0,0,0,0,0,0,0,0,0,0,0,0,0,-45.01806982,0,0,0,83.78298527,0,0,0,31.52531129,0,12.15024937,0,-14.40097664,0,-15.68856187,0,66.79341223,211.8302552,182.5288734,101.6750217,63.27070745,49.90578792,26.73133155,34.74657243,35.33960984,20.76151831,51.70944459,45.60107285,32.7820228,-52.93264683,-35.53657433,-7.468432954,8.508321605,168.80158,83.97097467,15.285937,-1.308962417,13.54066893,16.5744865,16.35547332,-50.82116363,-97.38536084,-92.06055746,-68.21078774,-7.663751937,3740.631073,978.0124237,174.0353457,119.2033705,-21.02351535,-35.98068405,-39.04726748,-42.01332923,-60.61762188,81.88426162,62.33296967,34.86588903,32.49504148,-60.62282998,-55.27311644,-39.32538941,-5.404228965,-12.79930118,9.177841538,0.833688824,3.184501978,-0.958174468,-56.14745451,-88.27604236,-6.011728086,9.947038628,151.02965,1325.843741,165.2926413,73.03378975,102.0096245,118.4714089
"2130","600022.SH","∏÷Ã˙",0,0,0,0,0,0,0,0,0,0,0,0,0,0,0,0,0,0,0,0,0,0,0,0,0,0,0,0,0,0,0,0,0,0,0,0,0,0,0,50.82023342,0,0,0,63.91600386,0,55.25932184,37.91161543,37.88098602,114.028207,74.66860142,35.13817063,-1.196769123,-80.71860804,-49.78523085,-18.64531768,4.247713471,321.1410334,83.55880092,47.50582253,59.91289523,32.56940583,57.74524831,46.03027964,-59.99031338,-257.6340423,-167.5793369,-134.2929955,-91.13359532,110.6184,123.3105928,102.7136653,23.54230777,-71.37460009,-90.21661276,299.8310943,-32.52100222,-392.4382918,-334.8922533,-422.169463,-750.8714664,100.779977,81.01061686,93.61804349,104.2719376,-12069.15888,-319.9773524,-691.0581242,-950.5797613,48.93202399,101.2067754,21.79419029,106.3660297,-70.53595049,412.8649329,107.5753058,-630.9778784,244.3244757,1019.368799,1523.267366,464.431367
"2209","600117.SH","∏÷Ã˙",0,0,0,0,0,0,0,0,0,0,0,-37.96232821,0,0,0,25.53751496,0,0,0,5.16041425,0,0,0,1.197558551,0,50.51331972,0,7.88305954,0,-8.283159394,0,-23.67641373,0,-32.27361846,0,11.42651259,0,35.54875689,0,27.26710156,39.27441368,17.89995934,12.01624918,-20.30525854,54.11370145,2.709864761,0.903905571,24.06989683,8.135932557,27.11143089,29.04857045,29.59309698,18.31597359,44.95113946,63.66718385,80.92183367,117.0616407,115.9509758,90.49151052,79.76009663,224.3403227,146.3218069,94.33453702,-24.89085948,-99.54757319,-99.14601398,-95.28086866,-81.12223028,6669.432125,2797.800038,583.9058691,418.2130713,177.2437147,184.7173285,142.9299852,48.68946718,-93.59489391,-68.72054516,-86.41007882,-81.11661785,416.554785,-18.74306245,-23.7322676,-141.1435738,-259.3644393,-233.3204226,-334.6544973,-41.72328679,6.92601134,-106.8974905,-396.4263528,-2421.418997,-255.4440443,-66.24044332,23.7267735,102.5254288,103.0630272,101.7372671,59.4779575,77.88023437
"2217","600126.SH","∏÷Ã˙",0,0,0,0,0,0,0,0,0,0,0,-64.65121894,0,0,0,4.326076652,0,0,0,35.29819746,0,0,0,37.43691177,0,16.78217512,0,44.66946092,0,83.9118904,0,69.07736675,0,6.393211366,0,-9.134098551,0,-29.94810391,0,-18.0665212,121.1293493,74.37029793,73.6104086,89.5111834,70.50329111,39.1872819,20.66827688,27.39523993,-43.5086856,-47.18444842,-47.19444483,-65.51625277,-81.5967646,-35.835872,-26.17292907,-1.975198641,234.9668984,68.37672709,67.16515047,61.75767272,73.06975575,62.8561564,34.46069964,-84.73598927,-86.36154829,-90.68604547,-70.36643747,198.0672971,525.5833874,484.9513094,71.36446946,113.2740578,19.93533995,28.26280401,51.32556831,-10.53954635,-87.35494964,-143.9077876,-195.5073221,-211.3478198,94.31603194,35.72052786,94.13823724,111.4056849,-137.1419305,124.6369207,188.472164,-41.60537571,-379.7205294,-1966.406072,-2617.651226,-4584.408422,390.1067397,247.2288452,205.8768196,141.3299735,83.78575783,5.582634807,123.9318083,145.8893839
"2308","600231.SH","∏÷Ã˙",0,0,0,0,0,0,0,0,0,0,0,0,0,0,0,0,0,0,0,0,0,0,0,-8.092512031,0,0,0,41.74385131,0,4.658687786,0,28.75107058,0,-27.30521333,-15.39789569,16.93987736,0,30.15393484,50.77140648,24.47989604,631.7636926,214.9883592,135.3699269,116.1047925,35.28598591,-10.43336143,2.975928018,3.963857905,15.96808911,71.93805704,9.33462115,-29.03352708,-86.86670194,-45.75357855,-22.02901703,13.64045044,331.5447765,27.99008831,1.724612215,13.53191357,8.88518764,38.46556933,9.750888667,-37.28973994,-128.5482741,-105.2556563,-65.54497226,-11.76478006,182.8663049,1171.675447,116.542333,99.91047052,35.44015412,-4.217160585,-11.10502685,-73.84646675,-363.1218177,-188.4196252,-69.93189025,-72.05146475,81.17446773,115.917695,-58.5624177,75.30453819,-449.2887543,-830.5087994,-612.258681,-1032.642328,21.31719087,47.34519383,32.50601778,106.6830571,13.59861038,43.86685753,107.9038122,181.251024,227.3351261,608.0763362,7120.688538,801.0108065
"2352","600282.SH","∏÷Ã˙",0,0,0,0,0,0,0,0,0,0,0,0,0,0,0,0,0,0,0,0,0,0,0,4.108796803,0,0,0,7.786564739,0,0,0,41.49339667,0,76.93179125,0,2.333100246,0,-5.896140565,4.805098085,17.92999521,215.5768639,63.0441771,74.61308569,101.3276092,132.9495894,50.1297838,19.74545763,6.878334936,-30.87796695,0.373622464,-8.805019041,-21.59276829,-79.11091996,-60.22957677,-32.89271266,-4.792854873,613.9968553,283.4685386,188.6588937,163.9336915,-13.07864452,10.28302368,-12.55888649,-88.04839354,-93.953393,-89.48155183,-83.13935321,13.75610137,286.7062826,79.85114104,4.628039571,57.79820666,9.386572367,14.91063931,18.16154215,-64.5250768,-70.13295744,-87.20184099,-169.0665269,-270.0917314,-83.14764155,-186.089423,94.29504258,-8.397026785,-22.25212187,281.3159176,2409.788673,147.2496932,349.7977454,-70.09070186,-333.794606,-932.2658344,-85.55207703,315.5455564,147.9424537,114.5891404,4997.931435,747.2651601,823.5457432,858.2507507
"2373","600307.SH","∏÷Ã˙",0,0,0,0,0,0,0,0,0,0,0,0,0,0,0,0,0,0,0,0,0,0,0,16.80908431,0,0,0,-22.58559974,0,0,0,22.00515538,0,-23.39127682,0,66.05034101,0,34.80236923,0,-14.08882307,177.038796,132.2129643,113.2771589,107.1405547,97.47736938,36.20548569,45.7836546,29.10514689,1.810092245,5.19862234,-15.60540313,-32.55960671,-72.93904073,-43.19574073,-25.87920946,-5.763741602,26.00361852,49.92847515,40.50442006,64.09065407,32.45999502,3.477725605,-22.74241352,-95.77059743,-89.27159146,-89.14077967,-70.95245334,36.66925876,326.9573257,265.6868736,205.6173154,186.8032009,127.1336817,106.1536953,65.82526448,63.21594079,-56.54534222,-59.3529567,-70.89998887,-68.7312888,-13.11908458,-48.99212843,-53.54896258,-474.2574806,-338.2393782,-241.4627788,-162.1208868,100.9396416,14.40662307,-363.7195921,-2250.011316,-33326.60812,27.01233223,114.2554773,112.480742,100.2931164,180.8513091,56.48011084,36.58087023,1489.061377
"2452","600399.SH","∏÷Ã˙",0,0,0,0,0,0,0,0,0,0,0,0,0,0,0,0,0,0,0,0,0,0,0,-38.88064717,0,0,0,47.81604614,0,0,0,8.378200508,0,27.5437831,8.646312874,28.43214576,0,-45.55091189,-40.88624084,-58.0277546,-75.04544806,-62.74796891,-67.33517984,-58.14248616,125.5236543,18.73186705,5.981496955,-27.97643591,-29.45488872,8.949083079,6.218938677,9.023891421,7.604957055,-30.90119368,-13.29612419,24.84741013,19.86812334,25.93485977,42.36715814,53.01162661,5.185274023,39.39498479,36.62094846,46.47519776,-38.91217107,-47.96584127,-46.68421517,-23.44625726,23.14829686,28.7589557,25.57722656,17.06623372,12.04364089,10.3067417,9.813622877,-17.72964469,-14.49598297,-16.5266794,-24.09021272,-20.03395156,9.196863404,4.454716265,7.652416654,13.15609114,16.63890266,28.77946556,42.656512,-633.5165614,919.5668179,803.322317,714.183157,10.34224197,-19.34553222,-20.51230988,-28.33227597,-122.4172226,-35.7959737,-42.70212162,-48.89666589,-2932.933985
"2524","600507.SH","∏÷Ã˙",0,0,0,0,0,0,0,0,0,0,0,0,0,0,0,0,0,0,0,0,0,0,0,0,0,0,0,0,0,0,0,385.1546222,0,0,0,46.95653902,0,0,0,21.70386658,0,7.530170484,8.273123657,44.41125864,48.01194845,104.7000514,64.24335023,49.53275696,13.5893749,-21.647436,-18.59360247,-47.77715065,-122.0559996,-52.83107991,-14.75231592,75.45332868,1047.813741,603.9650611,327.2278284,306.057057,-254.9189367,-90.22795174,-95.93828243,-94.47513234,39.55835588,-255.2110347,521.7533204,151.4732885,269.4074617,748.3589019,367.0189675,746.7912391,56.319716,197.9227238,155.4408849,144.6282885,-9.745037326,-43.01567254,-32.47502582,-30.0171512,51.6913892,39.56959196,46.78993867,8.841148049,24.62234918,10.65004884,-0.49717133,2.42091772,-60.26784391,-54.09242814,-65.37602135,-80.65911741,-3.374134482,80.19056558,192.9551506,505.2848297,335.8376026,162.167832,220.7026665,267.3814553
"2577","600569.SH","∏÷Ã˙",0,0,0,0,0,0,0,0,0,0,0,0,0,0,0,0,0,0,0,0,0,0,0,0,0,0,0,6.154795223,0,0,0,56.4707552,0,0,0,-4.374232567,0,-9.836702279,0,14.1424745,107.7905024,92.29483398,63.06733893,53.43148055,19.65100219,9.488342364,-4.281590041,-11.20511094,-5.266324672,-15.77925333,-20.70746669,-40.83667912,-89.39640352,-43.25434542,-5.947077128,41.67090871,721.8598798,97.43068254,49.00222985,76.89006374,12.14738419,25.963632,-1.664925188,-89.33719626,-237.997062,-165.3534596,-135.5462055,4.52357351,104.5013091,114.4999469,128.342665,-41.77845365,21.29901138,32.95656512,43.69253616,-54.94476533,-2105.432474,-2064.23059,-2507.982309,-10288.71137,-11.09912757,58.19788791,84.56893474,101.1426779,108.4251359,107.6919755,114.4952949,-16.46108902,-400.4272539,-934.4888464,-2408.389845,-7724.748961,-77.01849069,123.8254863,110.5736392,104.2503553,-15.1134359,-71.80899706,627.0188279,1382.189131
"2588","600581.SH","∏÷Ã˙",0,0,0,0,0,0,0,0,0,0,0,0,0,0,0,0,0,0,0,0,0,0,0,0,0,0,0,94.71379857,0,0,0,953.3098979,0,0,0,73.09355442,0,-64.71009106,-53.00208928,-24.33116344,0,103.234608,73.94225,101.1462344,477.031642,109.2349362,74.8541735,35.97249647,-29.37961691,-9.296668045,-25.29260709,-43.90245096,-145.5530062,-72.34732115,-57.19503805,-37.33948075,185.254241,117.1430572,118.7603758,159.6680239,198.3815863,205.4828298,100.8188256,-73.95971699,-184.9964082,-144.2511781,-110.1034215,6.052766013,249.0886102,280.2743536,1033.845066,353.5900758,12.8994325,18.72980034,14.15193295,-3.633581956,-90.01638683,-51.12544208,-87.41503219,-67.96248177,976.7115982,-58.64915175,573.7597574,228.9076661,-424.7710797,-1294.354528,-1238.432033,-6195.389684,-126.7625261,-12.69269341,-39.3548411,-23.2943932,-6.303764122,61.31205117,68.08586988,101.4790271,220.0550252,227.9333815,256.7963793,3047.863783
"2772","600782.SH","∏÷Ã˙",0,0,0,0,0,0,0,57.40711879,0,0,0,-41.51261845,0,0,0,-7.056450924,0,15.01270729,0,5.33384244,0,-59.11415695,0,-15.89701867,0,50.14965547,0,-23.94105314,0,-25.36780514,0,79.53248677,0,51.48178855,0,-1.662686173,0,5.96433223,-9.395622224,4.154837522,-41.73104559,-7.393346027,-16.26714526,-14.39623626,71.58744314,-12.2205688,-4.751231476,20.76765025,119.0181588,58.4056835,56.55702434,10.94195409,-46.15405788,39.29944916,48.63943151,321.9333023,43.87796529,11.59212438,16.3860988,130.3694751,750.4722115,810.1112878,669.2538125,128.5377529,-86.17173049,-90.48206665,-78.08639373,-76.04879008,424.8310688,521.0578133,106.2524884,104.6832225,-0.437160927,-19.03288598,1.342572133,-52.70415486,-282.455328,-267.2237384,-340.4794929,-667.7644471,55.79219461,41.59253996,78.19285947,111.8392466,83.18667587,96.33989013,192.6196135,248.4616784,-509.3738147,-1540.729594,-258.5891015,-87.28303788,14.19899518,179.0837488,209.2093444,841.3273056,377.3813111,457.8518728,427.2486093,517.7378486
"2794","600808.SH","∏÷Ã˙",0,0,0,90.40355234,0,0,0,-3.708248476,0,-93.22428522,0,-94.23529333,0,-12.54279645,0,87.87759543,0,-53.44610813,0,-24.07811249,0,-44.11981341,0,-372.5341599,0,-748.5171353,0,107.8073365,0,207.5068232,0,1242.543441,0,105.1450486,0,18.386214,0,26.26460604,0,84.47570653,639.5579494,480.1565858,570.1327231,626.8072704,207.2922391,141.3344242,70.05712374,28.42494946,-30.05460431,-7.876204922,-5.875047434,-19.50426132,-70.6791036,-48.96908597,-37.19397058,-14.86561561,80.73626981,3.503900998,-4.069412334,4.758389964,39.70227364,103.590509,87.22442827,-71.6150117,-213.3340889,-132.016128,-96.6079235,-26.99061278,160.7311217,245.7374824,943.809387,123.2037607,-76.21080644,-65.69320039,-62.12162647,-84.09739493,-461.7431933,-606.2292397,-841.9402081,-1967.165513,19.26644344,82.75876799,90.44964771,105.4712221,-26.9384763,-136.2101861,-20.41932888,26.98555604,-39.85110391,-78.16785402,-678.2064432,-2033.168877,41.28799221,131.6781015,127.5546331,124.6194368,356.97082,341.8781098,332.8088468,303.6171779
"2928","601003.SH","∏÷Ã˙",0,0,0,0,0,0,0,0,0,0,0,0,0,0,0,0,0,0,0,0,0,0,0,0,0,0,0,0,0,0,0,0,0,0,0,0,0,0,0,0,0,0,0,0,0,0,0,32.72901357,0,0,0,-44.66699287,0,0,0,48.13912313,456.7744165,32.88482151,0,31.81988839,-68.86703731,-39.54556721,-69.89981158,-98.44630101,-866.2329375,-249.1469863,-60.40777578,1641.245457,109.1908404,189.6503071,437.6599571,133.5748445,114.7910379,-39.63738417,-40.32489415,-42.60401113,-89.87879639,-99.21189961,-163.2566225,-66.16035487,702.2016875,-4781.27547,98.54951533,76.77624042,43.14501039,338.3759796,8032.476665,-22.14079544,-393.831141,-415.7709546,-582.8887383,-804.9541203,104.4429195,112.5088656,112.5442106,116.5151806,1214.174515,400.8122996,915.4892091,1247.079168
"2929","601005.SH","∏÷Ã˙",0,0,0,0,0,0,0,0,0,0,0,0,0,0,0,0,0,0,0,0,0,0,0,0,0,0,0,0,0,0,0,0,0,0,0,0,0,0,0,0,0,0,0,0,0,0,0,-12.04501376,0,0,0,-69.74716266,0,0,0,18.17810583,0,0,149.5742137,46.44708275,51.64447192,83.36010852,96.53210017,33.17885158,-89.35798125,-93.46565138,-95.56137345,-85.95532661,52.18772054,-99.8513693,-80.96626288,-89.06502644,-85.18576189,123.4177215,87.92680626,-13153.01686,-3021.288783,-4689.490085,-5971.295925,106.7191,-149.9904686,-72.20925998,-45.23511344,-2628.270085,13.53733197,15.29967437,6.868335613,102.0665317,-108.9216464,-135.6599456,-102.2475361,-11693.41247,-19.70375677,19.62752717,3.400962597,21.73812539,40.15625457,44.21021117,71.43776324,106.8252148
"3488","603878.SH","∏÷Ã˙",0,0,0,0,0,0,0,0,0,0,0,0,0,0,0,0,0,0,0,0,0,0,0,0,0,0,0,0,0,0,0,0,0,0,0,0,0,0,0,0,0,0,0,0,0,0,0,0,0,0,0,0,0,0,0,0,0,0,0,0,0,0,0,0,0,0,0,0,0,0,0,0,0,0,0,0,0,0,0,14.54098776,0,0,0,57.5961356,0,0,0,-20.19630708,0,0,0,-7.54407018,0,0,0,-9.808079874,448.8005092,23.00154069,4.017851086,4.362786069
